Aaron Eckhart	The Dark Knight
Abe Vigoda	Look Whos Talking
Abigail Breslin	Little Miss Sunshine
Abigail Breslin	Signs
Adam Brody	Mr. & Mrs. Smith
Adam Bryant	Fisher King, The
Adam Sandler	Anger Management
Adam Sandler	Click
Adam Sandler	Grown Ups
Adam Sandler	The Longest Yard
Adam Sandler	Big Daddy
Adam Sandler	Waterboy, The
Adewale Akinnuoye-Agbaje	G.I. Joe: The Rise of Cobra
Adolphe Menjou	Morning Glory
Adoni Maropis	Troy
Adriana Caselotti	Snow White and the Seven Dwarfs
Adrien Brody	Pianist, The
Adrien Brody	King Kong
Agnes Moorehead	Johnny Belinda
Ahney Her	Gran Torino
Akim Tamiroff	For Whom the Bell Tolls
Akim Tamiroff	Anastasia
Al Pacino	Scent of a Woman
Al Pacino	Godfather, The
Al Pacino	Godfather: Part II, The
Alan Alda	California Suite
Alan Alda	What Women Want
Alan Arkin	Little Miss Sunshine
Alan Bates	Women in Love
Alan Bates	Alexis Zorbas
Alan Rickman	Harry Potter and the Deathly Hallows: Part 2
Alan Rickman	Robin Hood: Prince of Thieves
Alan Tudyk	I, Robot
Albert Brooks	Finding Nemo
Albert Finney	Tom Jones
Albert Finney	Murder on the Orient Express
Albert Finney	Erin Brockovich
Albert Gran	Seventh Heaven
Alec Baldwin	The Aviator
Alec Guinness	Star Wars
Alec Guinness	Lawrence of Arabia
Alec Guinness	Bridge on the River Kwai, The
Alec Guinness	Passage to India, A
Alena Murray	Three Faces of Eve, The
Alessandro Nivola	Jurassic Park III
Alex Jennings	The Queen
Alex Rafalowicz	Shine
Alexander DArcy	Awful Truth, The
Alexander Gould	Finding Nemo
Alexandra Astin	Lord of the Rings: The Return of the King, The
Alfre Woodard	Dinosaur
Alfred Lutter III	Alice Doesnt Live Here Anymore
Alfred Molina	Spider-Man 2
Alice Brady	In Old Chicago
Alice Braga	I Am Legend
Alice da Cunha	The Iron Lady
Alice Faye	In Old Chicago
Alicia Goranson	Boys Dont Cry
Alima Ashton-Sheibu	Matrix Reloaded, The
Alison Doody	Indiana Jones and the Last Crusade
Alison Skipworth	Dangerous
Alison Whelan	My Left Foot
Allie Mickelson	Capote
Allison Gompf	Children of a Lesser God
Allison Janney	Juno
Alyson Hannigan	American Pie 2
Amanda Peet	2012
Amanda Seyfried	Mamma Mia!
Amber Rules	Monsters Ball
Amber Valletta	Hitch
America Ferrera	How to Train Your Dragon
Amr Waked	Syriana
Amrish Puri	Indiana Jones and the Temple of Doom
Amy Adams	Night at the Museum: Battle of the Smithsonian
Amy Adams	The Fighter
Amy Locane	Blue Sky
Amy Madigan	Places in the Heart
Amy Sedaris	Chicken Little
Amy Wright	Accidental Tourist, The
Andrea Checchi	Ciociara, La
Andrew Chavez	Traffic
Andrew Garfield	The Amazing Spider-Man
Andrew Prine	Miracle Worker, The
Andy Arness	Matrix Reloaded, The
Andy Devine	In Old Chicago
Andy Devine	Stagecoach
Andy Garcia	Untouchables, The
Angela Lansbury	Gaslight
Angela Lansbury	National Velvet
Angelina Jolie	Girl, Interrupted
Angelina Jolie	Shark Tale
Angelina Jolie	Mr. & Mrs. Smith
Angelina Jolie	Kung Fu Panda 2
Angelina Jolie	Kung Fu Panda
Angelina Jolie	Lara Croft: Tomb Raider
Anil Kapoor	Slumdog Millionaire
Anita Louise	Story of Louis Pasteur, The
Anita Louise	Anthony Adverse
Anita Page	Broadway Melody, The
Anjelica Huston	Prizzis Honor
Ann Blyth	Mildred Pierce
Ann Hearn	Accused, The
Ann Rutherford	Gone with the Wind
Ann Sothern	Letter to Three Wives, A
Anna Felix	Crazy Heart
Anna Kendrick	New Moon
Anna Lee	How Green Was My Valley
Anna Magnani	Rose Tattoo, The
Anna Paquin	Piano, The
Anna Popplewell	The Chronicles of Narnia: The Lion, the Witch and the Wardrobe
Anna Popplewell	The Chronicles of Narnia: Prince Caspian
Annabella Sciorra	Reversal of Fortune
Anne Archer	Fatal Attraction
Anne Bancroft	Graduate, The
Anne Bancroft	Miracle Worker, The
Anne Baxter	Razors Edge, The
Anne Baxter	All About Eve
Anne Francis	Funny Girl
Anne Haney	Liar Liar
Anne Hathaway	The Dark Knight Rises
Anne Hathaway	Alice in Wonderland
Anne Revere	National Velvet
Anne Revere	Place in the Sun, A
Anne Revere	Gentlemans Agreement
Annette Bening	American Beauty
Annie Corley	Monster
Anthony Daniels	Star Wars: Episode V - The Empire Strikes Back
Anthony Daniels	Star Wars: Episode VI - Return of the Jedi
Anthony Edwards	Top Gun
Anthony Heald	Silence of the Lambs, The
Anthony Hopkins	Silence of the Lambs, The
Anthony Hopkins	Hannibal
Anthony Hopkins	Thor
Anthony Hopkins	The Lion in Winter
Anthony Mackie	The Hurt Locker
Anthony Quayle	Hamlet
Anthony Quinn	Lust for Life
Anthony Quinn	Lawrence of Arabia
Anthony Quinn	Alexis Zorbas
Anthony Quinn	Viva Zapata!
Anthony Ross	Country Girl, The
Antonio Banderas	Shrek Forever After
Antonio Banderas	Shrek the Third
Antonio Banderas	Shrek 2
Arnold Moss	Viva Zapata!
Arnold Schwarzenegger	True Lies
Arnold Schwarzenegger	Terminator 2: Judgment Day
Arnold Schwarzenegger	Terminator 3: Rise of the Machines
Arnold Vosloo	Mummy Returns, The
Arnold Vosloo	The Mummy
Art Carney	Harry and Tonto
Art Chudabala	Crash
Arthur Kennedy	Elmer Gantry
Arturo de Cordova	For Whom the Bell Tolls
Ashley Greene	Twilight
Ashley Johnson	What Women Want
Asia Argento	XXX
Audrey Hepburn	Roman Holiday
Audrey Hepburn	My Fair Lady
Audrey Tautou	The Da Vinci Code
Augusta Ciolli	Marty
Ava Gardner	Barefoot Contessa, The
Avon Long	Harry and Tonto
Barbara Baxley	Norma Rae
Barbara Harris	Thousand Clowns, A
Barbara Hershey	Hannah and Her Sisters
Barbara Hershey	Black Swan
Barbara ONeil	Gone with the Wind
Barbara Rhoades	Goodbye Girl, The
Barbra Streisand	Funny Girl
Barbra Streisand	Meet the Fockers
Barry Bostwick	Rocky Horror Picture Show, The
Barry Fitzgerald	Quiet Man, The
Barry Fitzgerald	None But the Lonely Heart
Barry Fitzgerald	Going My Way
Barry Miller	Saturday Night Fever
Barry Pearl	Grease
Barry Pepper	True Grit
Barry Sullivan	Bad and the Beautiful, The
Barton MacLane	Treasure of the Sierra Madre, The
Beah Richards	Guess Whos Coming to Dinner
Beatrice Straight	Network
Beau Bridges	Norma Rae
Bee Vang	Gran Torino
Bembol Roco	Year of Living Dangerously, The
Ben Affleck	Armageddon
Ben Affleck	Pearl Harbor
Ben Affleck	Good Will Hunting
Ben Bard	Seventh Heaven
Ben Barnes	The Chronicles of Narnia: Prince Caspian
Ben Burtt	WALL-E
Ben Cooper	Rose Tattoo, The
Ben Cross	Chariots of Fire
Ben Johnson	Last Picture Show, The
Ben Kingsley	Gandhi
Ben Kingsley	Schindlers List
Ben Stiller	Madagascar 3: Europes Most Wanted
Ben Stiller	Madagascar
Ben Stiller	Meet the Fockers
Ben Stiller	Theres Something About Mary
Ben Stiller	Night at the Museum: Battle of the Smithsonian
Ben Stiller	Meet the Parents
Ben Stiller	Night at the Museum
Ben Stiller	Madagascar: Escape 2 Africa
Ben Wright	One Hundred and One Dalmatians
Benicio Del Toro	Traffic
Benicio Del Toro	Usual Suspects, The
Berenice Bejo	The Artist
Bernie Coulson	Accused, The
Beryl Mercer	Cavalcade
Bessie Love	Broadway Melody, The
Betsy Blair	Marty
Betsy Palmer	Mister Roberts
Bette Davis	All About Eve
Bette Davis	Dangerous
Bette Davis	Jezebel
Bette Davis	Great Lie, The
Bette Davis	Watch on the Rhine
Betty Buckley	Tender Mercies
Betty Hutton	Greatest Show on Earth, The
Betty Lou Gerson	One Hundred and One Dalmatians
Betty White	The Proposal
Betty White	The Lorax
Beulah Bondi	Watch on the Rhine
Beyonce Knowles	Dreamgirls
Beyonce Knowles	Austin Powers in Goldmember
Bill Anderson Jr.	Coal Miners Daughter
Bill Cobbs	Night at the Museum
Bill Goodwin	To Each His Own
Bill Irwin	How the Grinch Stole Christmas
Bill Murray	Ghostbusters
Bill Nighy	Harry Potter and the Deathly Hallows: Part 1
Bill Nighy	Pirates of the Caribbean: Dead Mans Chest
Bill Paxton	Titanic
Bill Paxton	Apollo 13
Bill Paxton	Twister
Bill Paxton	True Lies
Bill Pullman	Independence Day
Billy Bob Thornton	Monsters Ball
Billy Bob Thornton	Armageddon
Billy Burke	Twilight
Billy Burke	The Twilight Saga: Breaking Dawn - Part 1
Billy Burke	New Moon
Billy Connolly	Brave
Billy Crudup	Mission: Impossible III
Billy Crystal	Monsters, Inc.
Billy Crystal	City Slickers
Billy Dee Williams	Star Wars: Episode V - The Empire Strikes Back
Billy Dee Williams	Star Wars: Episode VI - Return of the Jedi
Billy Green Bush	Alice Doesnt Live Here Anymore
Billy Zane	Titanic
Bing Crosby	Going My Way
Bing Crosby	Country Girl, The
Blythe Danner	Meet the Fockers
Blythe Danner	Meet the Parents
Bob Griffin	Blair Witch Project, The
Bob Gunton	Patch Adams
Bob Hoskins	Who Framed Roger Rabbit
Bob Newhart	Elf
Bob Peck	Jurassic Park
Bob Peterson	Up
Bonnie Hunt	Cheaper by the Dozen
Bonnie Hunt	Cars
Bonnie Hunt	Green Mile, The
Brad Garrett	Finding Nemo
Brad Pitt	Inglourious Basterds
Brad Pitt	Mr. & Mrs. Smith
Bradley Cooper	The Hangover Part II
Bradley Cooper	The Hangover
Brandon De Wilde	Hud
Brandon Routh	Superman Returns
Brawley Nolte	Ransom
Brenda Fricker	My Left Foot
Brenda Vaccaro	Midnight Cowboy
Brendan Fraser	Mummy Returns, The
Brendan Fraser	The Mummy
Brendan Gleeson	Cold Mountain
Brendan Sexton III	Boys Dont Cry
Brian Blessed	Tarzan
Brian Cox	The Bourne Supremacy
Brian Cox	Rise of the Planet of the Apes
Brian Cox	Troy
Brian Dennehy	Cocoon
Brian Dennehy	Ratatouille
Brian Geraghty	The Hurt Locker
Brian Haley	Gran Torino
Brian Howe	The Pursuit of Happyness
Bridget Moynahan	I, Robot
Brittany Murphy	Girl, Interrupted
Broderick Crawford	All the Kings Men
Broderick Crawford	Born Yesterday
Bronwen Coleman	Capote
Bruce Bennett	Treasure of the Sierra Madre, The
Bruce Bennett	More the Merrier, The
Bruce Boxleitner	TRON: Legacy
Bruce Dern	Coming Home
Bruce Dern	Monster
Bruce Greenwood	I, Robot
Bruce Greenwood	Star Trek
Bruce Willis	Sixth Sense, The
Bruce Willis	Over the Hedge
Bruce Willis	Armageddon
Bruno Kirby	City Slickers
Bryan Larkin	Born on the Fourth of July
Bryce Dallas Howard	The Help
Bryce Dallas Howard	The Twilight Saga: Eclipse
Bud Cort	Pollock
Burgess Meredith	Rocky
Burl Ives	East of Eden
Burl Ives	Big Country, The
Burt Lancaster	From Here to Eternity
Burt Lancaster	Airport
Burt Lancaster	Come Back, Little Sheba
Burt Lancaster	Rose Tattoo, The
Burt Lancaster	Elmer Gantry
Burt Lancaster	Judgment at Nuremberg
Burt Lancaster	Separate Tables
Burt Reynolds	The Longest Yard
Burt Young	Rocky
Buzz Kilman	Philadelphia
C. Aubrey Smith	Morning Glory
Cameron Diaz	Shrek 2
Cameron Diaz	Shrek Forever After
Cameron Diaz	Shrek
Cameron Diaz	Shrek the Third
Cameron Diaz	Theres Something About Mary
Cameron Richardson	Alvin and the Chipmunks
Candice Bergen	Gandhi
Cantinflas	Around the World in Eighty Days
Cara Seymour	Adaptation.
Carey Loftin	Patton
Carl Weathers	Rocky
Carla Gugino	Night at the Museum
Carlin Glynn	Trip to Bountiful, The
Carlo Ninchi	Ciociara, La
Carlos Alazraqui	Happy Feet
Carmen Electra	Scary Movie
Carol Burnett	Horton Hears a Who!
Carol DeLuise	Sunshine Boys, The
Carol Florence	Oceans Eleven
Carol Kane	Annie Hall
Caroline Goodall	Schindlers List
Caroline Kava	Born on the Fourth of July
Carrie Fisher	Star Wars: Episode V - The Empire Strikes Back
Carrie Fisher	Star Wars: Episode VI - Return of the Jedi
Carrie Fisher	Hannah and Her Sisters
Carrie Fisher	Star Wars
Carrie Snodgress	Blue Sky
Carrie-Anne Moss	Matrix, The
Carroll Baker	Giant
Carroll Baker	Big Country, The
Cary Elwes	Twister
Cary Elwes	Liar Liar
Cary Elwes	Glory
Cary Grant	Philadelphia Story, The
Cary Grant	Suspicion
Cary Grant	None But the Lonely Heart
Cary Grant	Awful Truth, The
Cate Bauer	One Hundred and One Dalmatians
Cate Blanchett	The Aviator
Cate Blanchett	Indiana Jones and the Kingdom of the Crystal Skull
Cate Blanchett	Lord of the Rings: The Fellowship of the Ring, The
Catherine Bell	Bruce Almighty
Catherine OHara	Home Alone 2: Lost in New York
Catherine Zeta-Jones	Chicago
Cathy Moriarty	Raging Bull
Cec Linder	Touch of Class, A
Cecelia Ann Birt	Oceans Eleven
Cecil Cunningham	Awful Truth, The
Cecil Kellaway	Harvey
Cecil Kellaway	Guess Whos Coming to Dinner
Cedric Hardwicke	Suspicion
Celeste Holm	Gentlemans Agreement
Celeste Holm	All About Eve
Celia Johnson	Prime of Miss Jean Brodie, The
Charles Buddy Rogers	Wings
Charles Bickford	Johnny Belinda
Charles Bickford	Song of Bernadette, The
Charles Bickford	Farmers Daughter, The
Charles Boyer	Gaslight
Charles Cioffi	Klute
Charles Coburn	More the Merrier, The
Charles Drake	Harvey
Charles Durning	Tootsie
Charles Durning	Sting, The
Charles Farrell	Seventh Heaven
Charles Fleischer	Who Framed Roger Rabbit
Charles King	Broadway Melody, The
Charles Laughton	Private Life of Henry VIII., The
Charles Laughton	Mutiny on the Bounty
Charles Laughton	Spartacus
Charles Martin Smith	Untouchables, The
Charles Napier	Rambo: First Blood Part II
Charley Grapewin	Captains Courageous
Charley Grapewin	Good Earth, The
Charley Grapewin	Grapes of Wrath, The
Charlie Sheen	Platoon
Charlie Sheen	Wall Street
Charlie Tahan	I Am Legend
Charlize Theron	Cider House Rules, The
Charlize Theron	Monster
Charlize Theron	Hancock
Charlton Heston	Big Country, The
Charlton Heston	Ben-Hur
Charlton Heston	Greatest Show on Earth, The
Cheech Marin	Cars
Cher	Moonstruck
Cherry Jones	Signs
Chip Taylor	Melvin and Howard
Chiwetel Ejiofor	2012
Chloe Sevigny	Boys Dont Cry
Chris Cooper	Adaptation.
Chris Elliott	Theres Something About Mary
Chris Evans	Fantastic Four
Chris Evans	The Avengers
Chris Evans	Captain America: The First Avenger
Chris Haywood	Shine
Chris Hemsworth	Thor
Chris Hemsworth	The Avengers
Chris Klein	American Pie 2
Chris Noth	Sex and the City
Chris ODonnell	Scent of a Woman
Chris ODonnell	Batman Forever
Chris Pine	Star Trek
Chris Rock	Madagascar: Escape 2 Africa
Chris Rock	Madagascar 3: Europes Most Wanted
Chris Rock	Grown Ups
Chris Rock	Madagascar
Chris Rock	The Longest Yard
Chris Rock	Lethal Weapon 4
Chris Sanders	Lilo & Stitch
Chris Tucker	Rush Hour 3
Chris Tucker	Rush Hour 2
Christian Bale	The Dark Knight Rises
Christian Bale	The Fighter
Christian Bale	Batman Begins
Christian Bale	The Dark Knight
Christian Slater	Robin Hood: Prince of Thieves
Christina Jastrzembska	New Moon
Christina Ricci	Monster
Christine Anu	Matrix Reloaded, The
Christine Baranski	How the Grinch Stole Christmas
Christoph Waltz	Inglourious Basterds
Christopher Carley	Gran Torino
Christopher Eccleston	G.I. Joe: The Rise of Cobra
Christopher Evan Welch	Vicky Cristina Barcelona
Christopher Jones	Ryans Daughter
Christopher Lee	Star Wars: Episode II - Attack of the Clones
Christopher Lloyd	Who Framed Roger Rabbit
Christopher Lloyd	Back to the Future
Christopher Plummer	Beautiful Mind, A
Christopher Plummer	Syriana
Christopher Plummer	Beginners
Christopher Plummer	Sound of Music, The
Christopher Plummer	Up
Christopher Reeve	Superman
Christopher Walken	Click
Christopher Walken	Batman Returns
Christopher Walken	Wedding Crashers
Christopher Walken	Deer Hunter, The
Christopher Walken	Catch Me If You Can
Chuck Pfeiffer	Wall Street
Claire Bloom	Charly
Claire Danes	Terminator 3: Rise of the Machines
Claire Trevor	Stagecoach
Claire Trevor	Key Largo
Clara Bow	Wings
Clark Gable	Mutiny on the Bounty
Clark Gable	It Happened One Night
Clark Gable	Free Soul, A
Claude Rains	Casablanca
Claudette Colbert	It Happened One Night
Claudia Gerini	Passion of the Christ, The
Clea DuVall	Girl, Interrupted
Cliff Edwards	Sin of Madelon Claudet, The
Cliff Osmond	Fortune Cookie, The
Cliff Robertson	Charly
Cliff Robertson	Spider-Man
Clifton Powell	Ray
Clifton Webb	Razors Edge, The
Clint Eastwood	Gran Torino
Clint Eastwood	Unforgiven
Clint Eastwood	Million Dollar Baby
Clive Brook	Cavalcade
Cloris Leachman	Last Picture Show, The
Cole Sprouse	Big Daddy
Colin Farrell	Minority Report
Colin Firth	The Kings Speech
Colin Firth	Mamma Mia!
Colin Hanks	King Kong
Connie Nielsen	Gladiator
Conrad Veidt	Casablanca
Corinne Griffith	Divine Lady, The
Cornel Wilde	Greatest Show on Earth, The
Craig Archibald	Capote
Craig Ferguson	How to Train Your Dragon
Craig T. Nelson	The Incredibles
Craig T. Nelson	The Proposal
Craig T. Nelson	Killing Fields, The
Crispin Glover	Back to the Future
Crispin Glover	Alice in Wonderland
Cuba Gooding Jr.	Jerry Maguire
Cuba Gooding Jr.	As Good As It Gets
Cuba Gooding Jr.	Pearl Harbor
Cybill Shepherd	Last Picture Show, The
Cynthia Nixon	Sex and the City
D.B. Sweeney	Dinosaur
Dabney Coleman	On Golden Pond
Dabney Coleman	Tootsie
Dakota Fanning	War of the Worlds
Dallas Roberts	Walk the Line
Dame May Whitty	Mrs. Miniver
Dame May Whitty	Gaslight
Dame May Whitty	Suspicion
Dan Aykroyd	Ghostbusters
Dan Aykroyd	Driving Miss Daisy
Dan Castellaneta	The Simpsons Movie
Dana Andrews	Best Years of Our Lives, The
Daniel Craig	Quantum of Solace
Daniel Craig	Casino Royale
Daniel Craig	Lara Croft: Tomb Raider
Daniel Day-Lewis	There Will Be Blood
Daniel Day-Lewis	My Left Foot
Daniel Gerroll	Chariots of Fire
Daniel London	Patch Adams
Daniel Radcliffe	Harry Potter and the Half-Blood Prince
Daniel Radcliffe	Harry Potter and the Sorcerers Stone
Daniel Radcliffe	Harry Potter and the Prisoner of Azkaban
Daniel Radcliffe	Harry Potter and the Goblet of Fire
Daniel Radcliffe	Harry Potter and the Deathly Hallows: Part 1
Daniel Radcliffe	Harry Potter and the Order of the Phoenix
Daniel Radcliffe	Harry Potter and the Chamber of Secrets
Daniel Radcliffe	Harry Potter and the Deathly Hallows: Part 2
Daniel Stern	Home Alone 2: Lost in New York
Daniel Stern	Home Alone
Daniel Stern	City Slickers
Daniele Harford	The Constant Gardener
Danielle Skraastad	Michael Clayton
Danny Aiello	Moonstruck
Danny DeVito	The Lorax
Danny DeVito	Terms of Endearment
Danny DeVito	Batman Returns
Danny Glover	Lethal Weapon 2
Danny Glover	Lethal Weapon 4
Danny Glover	Dreamgirls
Danny Glover	Lethal Weapon 3
Danny Huston	X-Men Origins: Wolverine
Danny Huston	The Constant Gardener
Dash Mihok	The Day After Tomorrow
Dato Bakhtadze	Crash
Dave Foley	A Bugs Life
Dave Sheridan	Scary Movie
Daveigh Chase	Lilo & Stitch
David Allen Brooks	Cast Away
David Andrews	Terminator 3: Rise of the Machines
David Aston	Lord of the Rings: The Return of the King, The
David Brisbin	Erin Brockovich
David Butler	Seventh Heaven
David Cross	Alvin and the Chipmunks
David Cross	Alvin and the Chipmunks: The Squeakquel
David Forman	Teenage Mutant Ninja Turtles
David Gulpilil	Crocodile Dundee
David Hasselhoff	Click
David Keith	Officer and a Gentleman, An
David Kelly	Charlie and the Chocolate Factory
David Kross	The Reader
David Krumholtz	Santa Clause, The
David Krumholtz	Santa Clause 2, The
David Morse	Rock, The
David Morse	Green Mile, The
David Niven	Around the World in Eighty Days
David Niven	Separate Tables
David Ogden Stiers	Lilo & Stitch
David Ogden Stiers	Beauty and the Beast
David Ogden Stiers	Pocahontas
David Ogden Stiers	Accidental Tourist, The
David Schwimmer	Madagascar
David Schwimmer	Madagascar: Escape 2 Africa
David Schwimmer	Madagascar 3: Europes Most Wanted
David Spade	Grown Ups
David Strathairn	The Bourne Ultimatum
David Tennant	Harry Potter and the Goblet of Fire
David Tomlinson	Mary Poppins
David Trimble	Brokeback Mountain
David Warshofsky	Taken
David Wayne	Three Faces of Eve, The
David Wenham	300
Dawn Didawick	Erin Brockovich
Dean Jagger	Twelve OClock High
Dean Jagger	Elmer Gantry
Dean Martin	Airport
Deborah Kerr	King and I, The
Deborah Kerr	Separate Tables
Deborah Kerr	From Here to Eternity
Debra Winger	Officer and a Gentleman, An
Debra Winger	Terms of Endearment
Declan Croghan	My Left Foot
Dee Wallace-Stone	E.T. the Extra-Terrestrial
Delroy Lindo	Ransom
Delroy Lindo	Up
Delroy Lindo	Cider House Rules, The
Demi Moore	Ghost
Demi Moore	Few Good Men, A
Denholm Elliott	Indiana Jones and the Last Crusade
Denis Leary	Ice Age
Denis Leary	Ice Age: The Meltdown
Denis Leary	The Amazing Spider-Man
Dennis Morgan	Kitty Foyle: The Natural History of a Woman
Dennis Quaid	The Day After Tomorrow
Denzel Washington	Philadelphia
Denzel Washington	Training Day
Denzel Washington	Glory
Derek Jacobi	The Kings Speech
Derrick OConnor	Lethal Weapon 2
Dev Patel	Slumdog Millionaire
Diana Scarwid	What Lies Beneath
Diana Wynyard	Cavalcade
Diane Keaton	Reds
Diane Keaton	Annie Hall
Diane Keaton	Godfather: Part II, The
Diane Kruger	National Treasure: Book of Secrets
Diane Kruger	National Treasure
Diane Lane	Perfect Storm, The
Dianne Wiest	Hannah and Her Sisters
Dianne Wiest	Bullets Over Broadway
Dick Powell	Bad and the Beautiful, The
Dick Van Dyke	Mary Poppins
Dick Van Dyke	Night at the Museum
Diego Luna	Milk
Dina Merrill	BUtterfield 8
Dirk Bogarde	Darling
Domingo Landicho	Year of Living Dangerously, The
Dominic West	300
Dominique Louis	The Incredibles
Don Ameche	Cocoon
Don Ameche	In Old Chicago
Don Cheadle	Iron Man 2
Don Cheadle	Crash
Don Dillaway	Min and Bill
Don Knotts	Chicken Little
Don Rickles	Toy Story 3
Don Rickles	Toy Story 2
Don Rickles	Toy Story
Don Saxon	Subject Was Roses, The
Don Taylor	Stalag 17
Donald Crisp	National Velvet
Donald Crisp	How Green Was My Valley
Donald Crisp	Jezebel
Donald Crisp	Life of Emile Zola, The
Donald Houston	Room at the Top
Donald Sutherland	Klute
Donald Sutherland	Ordinary People
Donald Wolfit	Room at the Top
Donald Woods	Anthony Adverse
Donald Woods	Story of Louis Pasteur, The
Donna Murphy	Tangled
Donna Reed	From Here to Eternity
Doris Davenport	Westerner, The
Doris Dowling	Lost Weekend, The
Dorothy Burgess	In Old Arizona
Dorothy Jordan	Min and Bill
Dorothy Lamour	Greatest Show on Earth, The
Dorothy Malone	Written on the Wind
Dorothy McGuire	Tree Grows in Brooklyn, A
Dorothy McGuire	Gentlemans Agreement
Dorothy Tristan	Klute
Dorris Bowdon	Grapes of Wrath, The
Doug McKeon	On Golden Pond
Douglas Fairbanks Jr.	Morning Glory
Douglass Dumbrille	Mr. Deeds Goes to Town
Douglass Dumbrille	Kentucky
Dougray Scott	Mission: Impossible II
Drew Barrymore	E.T. the Extra-Terrestrial
Dudley Moore	Arthur
Dustin Hoffman	Kramer vs. Kramer
Dustin Hoffman	Kung Fu Panda
Dustin Hoffman	Rain Man
Dustin Hoffman	Midnight Cowboy
Dustin Hoffman	Tootsie
Dustin Hoffman	Meet the Fockers
Dustin Hoffman	Kung Fu Panda 2
Dustin Hoffman	All the Presidents Men
Dustin Hoffman	Graduate, The
Dwayne Hickman	Cat Ballou
Dylan Sprouse	Big Daddy
Ed Begley	Sweet Bird of Youth
Ed Harris	Rock, The
Ed Harris	Apollo 13
Ed Harris	Beautiful Mind, A
Ed Harris	Pollock
Ed Harris	Places in the Heart
Ed Helms	The Lorax
Ed Helms	The Hangover
Ed Helms	The Hangover Part II
Eddie Albert	Roman Holiday
Eddie Collins	Snow White and the Seven Dwarfs
Eddie Deezen	The Polar Express
Eddie Fisher	BUtterfield 8
Eddie Izzard	Cars 2
Eddie Marsan	Sherlock Holmes
Eddie Marsan	Hancock
Eddie Murphy	Shrek Forever After
Eddie Murphy	Beverly Hills Cop II
Eddie Murphy	Doctor Dolittle
Eddie Murphy	Beverly Hills Cop
Eddie Murphy	Dreamgirls
Eddie Murphy	Shrek the Third
Eddie Murphy	Shrek 2
Eddie Murphy	Shrek
Eddie Quillan	Mutiny on the Bounty
Edith Evans	Tom Jones
Edmond OBrien	Double Life, A
Edmond OBrien	Barefoot Contessa, The
Edmund Gwenn	Miracle on 34th Street
Edmund Gwenn	Anthony Adverse
Edmund Lowe	In Old Arizona
Eduardo Ciannelli	Kitty Foyle: The Natural History of a Woman
Edward Albert	Butterflies Are Free
Edward Arnold	Johnny Eager
Edward Arnold	You Cant Take It with You
Edward Arnold	Come and Get It
Edward Asner	Elf
Edward Asner	Up
Edward Brophy	Champ, The
Edward Burns	Saving Private Ryan
Edward Fox	Gandhi
Edward Furlong	Terminator 2: Judgment Day
Edward G. Robinson	Key Largo
Edward Herrmann	Reds
Edwin Jerome	Three Faces of Eve, The
Eileen Atkins	Cold Mountain
Eileen Heckart	Butterflies Are Free
El Brendel	Wings
Elaine Williams	Subject Was Roses, The
Elarica Gallacher	Harry Potter and the Half-Blood Prince
Eleanor Bron	Women in Love
Eleanor Parker	Sound of Music, The
Eleonora Brown	Ciociara, La
Eli Roth	Inglourious Basterds
Elias Koteas	Teenage Mutant Ninja Turtles
Elie Chaib	Mighty Aphrodite
Elijah Wood	Deep Impact
Elijah Wood	Lord of the Rings: The Two Towers, The
Elisabeth Moss	Girl, Interrupted
Elisabeth Shue	Leaving Las Vegas
Elissa Knight	WALL-E
Elizabeth Berridge	Amadeus
Elizabeth Cheshire	Melvin and Howard
Elizabeth Hartman	Patch of Blue, A
Elizabeth Mitchell	Santa Clause 2, The
Elizabeth Perkins	Flintstones, The
Elizabeth Taylor	National Velvet
Elizabeth Taylor	Place in the Sun, A
Elizabeth Taylor	V.I.P.s, The
Elizabeth Taylor	Giant
Elizabeth Taylor	Whos Afraid of Virginia Woolf?
Elizabeth Taylor	BUtterfield 8
Ellen Barkin	Tender Mercies
Ellen Burstyn	Exorcist, The
Ellen Burstyn	Alice Doesnt Live Here Anymore
Ellen DeGeneres	Finding Nemo
Ellen Hamilton Latzen	Fatal Attraction
Ellen Page	Inception
Ellen Page	Juno
Ellie Kemper	Bridesmaids
Elsa Martinelli	V.I.P.s, The
Emil Jannings	Last Command, The
Emile Hirsch	Milk
Emilia Fox	Pianist, The
Emily Mortimer	Cars 2
Emma Stone	The Amazing Spider-Man
Emma Stone	The Help
Emma Thompson	Men in Black 3
Emma Thompson	Howards End
Emma Thompson	Brave
Emma Watson	Harry Potter and the Goblet of Fire
Emma Watson	Harry Potter and the Deathly Hallows: Part 2
Emma Watson	Harry Potter and the Half-Blood Prince
Emma Watson	Harry Potter and the Chamber of Secrets
Emma Watson	Harry Potter and the Deathly Hallows: Part 1
Emma Watson	Harry Potter and the Order of the Phoenix
Emmanuelle Beart	Mission: Impossible
Emmanuelle Seigner	Mome, La
Emmy Rossum	The Day After Tomorrow
Eric Bana	Star Trek
Eric Bana	Hulk
Eric Lloyd	Santa Clause 2, The
Eric Lloyd	Santa Clause, The
Eric Sykes	Harry Potter and the Goblet of Fire
Ernest Borgnine	Marty
Ernest Cossart	Kitty Foyle: The Natural History of a Woman
Esmond Knight	Hamlet
Estelle Parsons	Bonnie and Clyde
Estelle Taylor	Cimarron
Esther Minciotti	Marty
Esther Rolle	Driving Miss Daisy
Ethan Hawke	Training Day
Ethel Barrymore	Farmers Daughter, The
Ethel Barrymore	None But the Lonely Heart
Eugene Levy	Bringing Down the House
Eunice Cho	Ice Age: Dawn of the Dinosaurs
Eva Gabor	Gigi
Eva Green	Casino Royale
Eva Marie Saint	On the Waterfront
Eva Mendes	Hitch
Eve Arden	Mildred Pierce
Evelyn Brent	Last Command, The
Evelyn Keyes	Gone with the Wind
Everett Sloane	Lust for Life
Ewan McGregor	Star Wars: Episode I - The Phantom Menace
Ewan McGregor	Beginners
Ewan McGregor	Star Wars: Episode II - Attack of the Clones
Ewan McGregor	Star Wars: Episode III - Revenge of the Sith
F. Murray Abraham	Amadeus
Fairuza Balk	Waterboy, The
Famke Janssen	X2
Famke Janssen	X-Men
Famke Janssen	X-Men: The Last Stand
Fanny Brice	Great Ziegfeld, The
Fay Bainter	Jezebel
Faye Dunaway	Bonnie and Clyde
Faye Dunaway	Network
Fernando Rey	French Connection, The
Finlay Currie	Around the World in Eighty Days
Fiona Shaw	Harry Potter and the Chamber of Secrets
Fiona Shaw	Harry Potter and the Prisoner of Azkaban
Floyd Red Crow Westerman	Dances with Wolves
Forest Whitaker	Platoon
Forest Whitaker	The Last King of Scotland
Forrest Tucker	Westerner, The
Frances Farmer	Come and Get It
Frances Lee McCain	Gremlins
Frances McDormand	Fargo
Frances Sternhagen	Misery
Francesca Jarvis	Lilies of the Field
Francesco Quinn	Platoon
Franchot Tone	Mutiny on the Bounty
Franchot Tone	Dangerous
Francine Bell	Matrix Revolutions, The
Frank B. Moore	Scary Movie
Frank Darien	Bad Girl
Frank Finlay	Pianist, The
Frank McHugh	Going My Way
Frank Morgan	Great Ziegfeld, The
Frank Otto	Born Yesterday
Frank Sinatra	From Here to Eternity
Frank Vincent	Raging Bull
Frank Welker	Aladdin
Franka Potente	The Bourne Supremacy
Franklin Cover	Wall Street
Franklin Dyall	Private Life of Henry VIII., The
Fred Gwynne	My Cousin Vinny
Fred MacMurray	Apartment, The
Fred Stone	Westerner, The
Fred Willard	WALL-E
Freddie Bartholomew	Captains Courageous
Freddie Highmore	Charlie and the Chocolate Factory
Freddie Prinze Jr.	Scooby-Doo
Fredric March	Best Years of Our Lives, The
Fredric March	Anthony Adverse
Freida Pinto	Rise of the Planet of the Apes
Freida Pinto	Slumdog Millionaire
Fritz Leiber	Story of Louis Pasteur, The
Fritz Wepper	Cabaret
Gabourey Sidibe	Precious: Based on the Novel Push by Sapphire
Gabriel Byrne	Usual Suspects, The
Gabrielle Anwar	Scent of a Woman
Gabrielle Union	Bad Boys II
Gabrielle Witcher	Monsters Ball
Gale Sondergaard	Anthony Adverse
Gale Sondergaard	Life of Emile Zola, The
Garrett Hedlund	TRON: Legacy
Garry Marshall	Chicken Little
Garry Shandling	Over the Hedge
Gary Cole	Talladega Nights: The Ballad of Ricky Bobby
Gary Cooper	High Noon
Gary Cooper	For Whom the Bell Tolls
Gary Cooper	Mr. Deeds Goes to Town
Gary Cooper	Westerner, The
Gary Cooper	Sergeant York
Gary Merrill	All About Eve
Gary Merrill	Twelve OClock High
Gary Oldman	Kung Fu Panda 2
Gary Oldman	The Dark Knight Rises
Gary Oldman	Batman Begins
Gary Oldman	Hannibal
Gary Oldman	Air Force One
Gary Sinise	Forrest Gump
Gary Sinise	Apollo 13
Gary Sinise	Ransom
Geena Davis	Accidental Tourist, The
Geena Davis	Stuart Little
Gemma Arterton	Clash of the Titans
Gene Hackman	Unforgiven
Gene Hackman	Firm, The
Gene Hackman	Bonnie and Clyde
Gene Hackman	French Connection, The
Gene Hackman	Superman
Gene Kelly	American in Paris, An
Gene Lockhart	Miracle on 34th Street
Gene Lockhart	Going My Way
Gene Reynolds	Boys Town
Gene Reynolds	Country Girl, The
Gene Saks	Thousand Clowns, A
Gene Tierney	Razors Edge, The
Geoffrey Rush	Pirates of the Caribbean: At Worlds End
Geoffrey Rush	Shakespeare in Love
Geoffrey Rush	Pirates of the Caribbean: The Curse of the Black Pearl
Geoffrey Rush	Pirates of the Caribbean: On Stranger Tides
Geoffrey Rush	Shine
George Bancroft	Mr. Deeds Goes to Town
George Brent	Great Lie, The
George Brent	Jezebel
George Burns	Sunshine Boys, The
George C. Scott	Patton
George Chakiris	West Side Story
George Clooney	Oceans Eleven
George Clooney	Syriana
George Clooney	Perfect Storm, The
George De La Pena	Mighty Aphrodite
George Kennedy	Airport
George Kennedy	Cool Hand Luke
George Sanders	Rebecca
George Sanders	All About Eve
George Sanders	Jungle Book, The
George Segal	Touch of Class, A
George Segal	Whos Afraid of Virginia Woolf?
George Segal	Look Whos Talking
George Tobias	Sergeant York
Georges Guetary	American in Paris, An
Georgie Henley	The Chronicles of Narnia: Prince Caspian
Georgie Henley	The Chronicles of Narnia: The Lion, the Witch and the Wardrobe
Gerald R. Molen	Rain Man
Geraldine Fitzgerald	Watch on the Rhine
Geraldine Fitzgerald	Arthur
Geraldine Page	Sweet Bird of Youth
Geraldine Page	Trip to Bountiful, The
Gerard Butler	300
Gerard Butler	How to Train Your Dragon
Gia Carides	My Big Fat Greek Wedding
Giacomo Baessato	Scary Movie
Giancarlo Giannini	Hannibal
Giancarlo Giannini	Quantum of Solace
Gig Young	They Shoot Horses, Dont They?
Gil Birmingham	The Twilight Saga: Breaking Dawn - Part 1
Gillian Anderson	The Last King of Scotland
undefined	undefined
Ginger Rogers	Kitty Foyle: The Natural History of a Woman
Ginnifer Goodwin	Walk the Line
Giovanni Ribisi	Ted
Giuliana Lojodice	Vita e bella, La
Giustino Durano	Vita e bella, La
Gladys Cooper	Rebecca
Gladys Cooper	My Fair Lady
Glen Campbell	True Grit
Glenda Jackson	Women in Love
Glenda Jackson	Touch of Class, A
Glenn Close	Air Force One
Glenn Close	Reversal of Fortune
Glenn Close	Tarzan
Glenn Close	Fatal Attraction
Glenn Close	101 Dalmatians
Gloria Grahame	Greatest Show on Earth, The
Gloria Grahame	Bad and the Beautiful, The
Gloria Holden	Life of Emile Zola, The
Glynis Johns	Mary Poppins
Goldie Hawn	Butterflies Are Free
Goldie Hawn	Shampoo
Goldie Hawn	Cactus Flower
Goran Visnjic	Ice Age
Goran Visnjic	Beginners
Gordon Jackson	Prime of Miss Jean Brodie, The
Grace Kelly	Country Girl, The
Grace Kelly	High Noon
Graham Beckel	Paper Chase, The
Graham Greene	Dances with Wolves
Greer Garson	Goodbye, Mr. Chips
Greer Garson	Mrs. Miniver
Greg Kinnear	Little Miss Sunshine
Greg Kinnear	As Good As It Gets
Gregory Fitoussi	G.I. Joe: The Rise of Cobra
Gregory Peck	To Kill a Mockingbird
Gregory Peck	Roman Holiday
Gregory Peck	Gentlemans Agreement
Gregory Peck	Big Country, The
Gregory Peck	Twelve OClock High
Greta Garbo	Grand Hotel
Gusti Huber	Diary of Anne Frank, The
Guy Pearce	L.A. Confidential
Guy Pearce	The Hurt Locker
Gwyneth Paltrow	Iron Man
Gwyneth Paltrow	Iron Man 2
Gwyneth Paltrow	Shakespeare in Love
H.B. Warner	Divine Lady, The
Hailee Steinfeld	True Grit
Haing S. Ngor	Killing Fields, The
Hal Holbrook	Julia
Hal Holbrook	Firm, The
Hal Holbrook	All the Presidents Men
Haley Joel Osment	Sixth Sense, The
Halle Berry	Die Another Day
Halle Berry	X-Men: The Last Stand
Halle Berry	Monsters Ball
Halle Berry	X2
Hank Azaria	Godzilla
Hank Azaria	Night at the Museum: Battle of the Smithsonian
Harcourt Williams	Roman Holiday
Harcourt Williams	Hamlet
Harold Ramis	Ghostbusters
Harold Russell	Best Years of Our Lives, The
Harris Yulin	Training Day
Harrison Fahn	Ice Age: Dawn of the Dinosaurs
Harrison Ford	Fugitive, The
Harrison Ford	Star Wars
Harrison Ford	Air Force One
Harrison Ford	Raiders of the Lost Ark
Harrison Ford	Star Wars: Episode V - The Empire Strikes Back
Harrison Ford	What Lies Beneath
Harrison Ford	Star Wars: Episode VI - Return of the Jedi
Harrison Ford	Indiana Jones and the Kingdom of the Crystal Skull
Harrison Ford	Indiana Jones and the Last Crusade
Harrison Ford	Indiana Jones and the Temple of Doom
Harry J. Lennix	Ray
Harry Melling	Harry Potter and the Deathly Hallows: Part 1
Harry Melling	Harry Potter and the Prisoner of Azkaban
Harry Secombe	Oliver!
Harry Shearer	The Simpsons Movie
Hartley Power	Roman Holiday
Harve Presnell	Fargo
Harvey Fierstein	Mrs. Doubtfire
Harvey Keitel	Piano, The
Harvey Lembeck	Stalag 17
Hattie McDaniel	Gone with the Wind
Hattie McDaniel	Great Lie, The
Haya Harareet	Ben-Hur
Hayden Christensen	Star Wars: Episode II - Attack of the Clones
Hayden Christensen	Star Wars: Episode III - Revenge of the Sith
Hayden Panettiere	Dinosaur
Hayden Panettiere	A Bugs Life
Hayley Atwell	Captain America: The First Avenger
Heath Ledger	The Dark Knight
Heath Ledger	Monsters Ball
Heath Ledger	Brokeback Mountain
Heather Angel	Informer, The
Heather Donahue	Blair Witch Project, The
Heather Graham	The Hangover
Heather Graham	Austin Powers: The Spy Who Shagged Me
Heather Sears	Room at the Top
Hector Elizondo	Runaway Bride
Helen Hayes	Airport
Helen Hayes	Sin of Madelon Claudet, The
Helen Hayes	Anastasia
Helen Hunt	Twister
Helen Hunt	As Good As It Gets
Helen Hunt	What Women Want
Helen Mirren	National Treasure: Book of Secrets
Helen Mirren	The Queen
Helen Shaver	Color of Money, The
Helen Slater	City Slickers
Helena Bonham Carter	The Kings Speech
Helena Bonham Carter	Howards End
Helena Bonham Carter	Alice in Wonderland
Helena Bonham Carter	Planet of the Apes
Helena Bonham Carter	Charlie and the Chocolate Factory
Helmut Bakaitis	Matrix Reloaded, The
Helmut Bakaitis	Matrix Revolutions, The
Helmut Griem	Cabaret
Henry Czerny	Mission: Impossible
Henry Fonda	On Golden Pond
Henry Fonda	Mister Roberts
Henry Fonda	Grapes of Wrath, The
Henry Fonda	Jezebel
Henry Hull	Boys Town
Henry Thomas	E.T. the Extra-Terrestrial
Henry Winkler	Waterboy, The
Henry Winkler	Click
Herbert Berghof	Harry and Tonto
Herbert Mundin	Cavalcade
Herbert Mundin	Mutiny on the Bounty
Hermino De Guzman	Year of Living Dangerously, The
Hermione Baddeley	Mary Poppins
Hermione Gingold	Gigi
Hilary Duff	Cheaper by the Dozen
Hilary Swank	Million Dollar Baby
Hilary Swank	Boys Dont Cry
Hiroyuki Sanada	Rush Hour 3
Holly Hunter	Piano, The
Holly Hunter	The Incredibles
Howard Da Silva	Lost Weekend, The
Howard Duff	Kramer vs. Kramer
Howard St. John	Born Yesterday
Hoyt Axton	Gremlins
Hubert Kounde	The Constant Gardener
Hugh Bonneville	Iris
Hugh Griffith	Ben-Hur
Hugh Griffith	Tom Jones
Hugh Jackman	X-Men Origins: Wolverine
Hugh Jackman	X2
Hugh Jackman	X-Men
Hugh Jackman	X-Men: The Last Stand
Hugh Laurie	Monsters vs Aliens
Hugh Laurie	101 Dalmatians
Hugh Laurie	Stuart Little
Hugh Marlowe	Twelve OClock High
Hugo Weaving	Matrix, The
Hugo Weaving	Captain America: The First Avenger
Hume Cronyn	Cocoon
Humphrey Bogart	African Queen, The
Humphrey Bogart	Key Largo
Humphrey Bogart	Treasure of the Sierra Madre, The
Humphrey Bogart	Casablanca
Humphrey Bogart	Barefoot Contessa, The
Iain Glen	Lara Croft: Tomb Raider
Ian Charleson	Chariots of Fire
Ian Holm	Ratatouille
Ian Keith	Divine Lady, The
Ian Keith	Two Arabian Knights
Ian McDiarmid	Star Wars: Episode III - Revenge of the Sith
Ian McKellen	Lord of the Rings: The Two Towers, The
Ian McKellen	X2
Ian McKellen	X-Men
Ian McKellen	X-Men: The Last Stand
Ian McKellen	The Da Vinci Code
Ian McShane	Kung Fu Panda
Ian McShane	Pirates of the Caribbean: On Stranger Tides
Inga Swenson	Miracle Worker, The
Ingrid Bergman	Casablanca
Ingrid Bergman	Cactus Flower
Ingrid Bergman	Gaslight
Ingrid Bergman	Murder on the Orient Express
Ingrid Bergman	For Whom the Bell Tolls
Ingrid Bergman	Anastasia
Ioan Gruffudd	Fantastic Four
Irene Bedard	Pocahontas
Irene Dunne	Cimarron
Irene Dunne	Awful Truth, The
Irene Manning	Yankee Doodle Dandy
Irene Papas	Alexis Zorbas
Irene Rich	Champ, The
Isa Crino	Lilies of the Field
Isla Fisher	Wedding Crashers
Ivan Dixon	Patch of Blue, A
J. Farrell MacDonald	In Old Arizona
J.D. Cannon	Cool Hand Luke
Jack Albertson	Subject Was Roses, The
Jack Black	Shark Tale
Jack Black	Kung Fu Panda 2
Jack Black	Kung Fu Panda
Jack Black	Ice Age
Jack Black	King Kong
Jack Carson	Mildred Pierce
Jack Davenport	Pirates of the Caribbean: The Curse of the Black Pearl
Jack Davenport	Pirates of the Caribbean: Dead Mans Chest
Jack Davenport	Pirates of the Caribbean: At Worlds End
Jack Gilford	Save the Tiger
Jack Gilford	Cocoon
Jack Hawkins	Bridge on the River Kwai, The
Jack Hawkins	Lawrence of Arabia
Jack Hawkins	Ben-Hur
Jack Kruschen	Apartment, The
Jack Lemmon	Apartment, The
Jack Lemmon	Save the Tiger
Jack Lemmon	Mister Roberts
Jack Lemmon	Fortune Cookie, The
Jack Murdock	Rain Man
Jack Nicholson	Terms of Endearment
Jack Nicholson	Few Good Men, A
Jack Nicholson	Batman
Jack Nicholson	The Departed
Jack Nicholson	Prizzis Honor
Jack Nicholson	Reds
Jack Nicholson	As Good As It Gets
Jack Nicholson	One Flew Over the Cuckoos Nest
Jack Nicholson	Anger Management
Jack Palance	City Slickers
Jack Raymond	Last Command, The
Jack Warden	All the Presidents Men
Jack Warden	Shampoo
Jack Warden	Being There
Jack Warden	Bullets Over Broadway
Jack Weston	Cactus Flower
Jackie Chan	Kung Fu Panda 2
Jackie Chan	Kung Fu Panda
Jackie Chan	Rush Hour 2
Jackie Chan	The Karate Kid
Jackie Chan	Rush Hour 3
Jackie Chan	Rush Hour
Jackie Cooper	Skippy
Jackie Cooper	Superman
Jackie Cooper	Champ, The
Jackie Searl	Skippy
Jacob Smith	Troy
Jacob Stringer	There Will Be Blood
Jacob Vargas	Traffic
Jacqueline Bisset	Airport
Jacqueline Bisset	Murder on the Orient Express
Jada Pinkett Smith	Madagascar: Escape 2 Africa
Jada Pinkett Smith	Madagascar 3: Europes Most Wanted
Jada Pinkett Smith	Madagascar
Jaden Smith	The Karate Kid
Jaden Smith	The Pursuit of Happyness
Jae Head	Hancock
Jae Head	The Blind Side
Jaimz Woolvett	Unforgiven
Jake Gyllenhaal	Brokeback Mountain
Jake Gyllenhaal	The Day After Tomorrow
Jake Johnson	Talladega Nights: The Ballad of Ricky Bobby
Jake Lloyd	Star Wars: Episode I - The Phantom Menace
James Brown	Going My Way
James Caan	Misery
James Caan	Elf
James Caan	Godfather, The
James Cagney	Mister Roberts
James Cagney	Yankee Doodle Dandy
James Caviezel	Passion of the Christ, The
James Coburn	Affliction
James Coburn	Monsters, Inc.
James Cosmo	Braveheart
James Craig	Kitty Foyle: The Natural History of a Woman
James Cromwell	The Artist
James Cromwell	The Queen
James Cromwell	L.A. Confidential
James Cromwell	Green Mile, The
James Cromwell	I, Robot
James Dean	Giant
James Dean	East of Eden
James Donald	Lust for Life
James Donald	Bridge on the River Kwai, The
James Dunn	Tree Grows in Brooklyn, A
James Dunn	Bad Girl
James Fox	Passage to India, A
James Frain	TRON: Legacy
James Franco	Milk
James Franco	Spider-Man
James Franco	Spider-Man 2
James Franco	Spider-Man 3
James Franco	Rise of the Planet of the Apes
James Garner	Sayonara
James Gleason	Free Soul, A
James Gleason	Tree Grows in Brooklyn, A
James Karen	The Pursuit of Happyness
James Keane	Crazy Heart
James Marsden	X-Men
James Marsden	Superman Returns
James McAvoy	The Last King of Scotland
James Naughton	Paper Chase, The
James Rebhorn	Scent of a Woman
James Remar	What Lies Beneath
James Robinson	Braveheart
James Stewart	You Cant Take It with You
James Stewart	Philadelphia Story, The
James Stewart	Harvey
Jameson Thomas	It Happened One Night
Jami Gertz	Twister
Jamie Foxx	Ray
Jamie Foxx	Dreamgirls
Jamie Lee Curtis	True Lies
Jamie Lee Curtis	Fish Called Wanda, A
Jane Alexander	Kramer vs. Kramer
Jane Darwell	Grapes of Wrath, The
Jane Fonda	Cat Ballou
Jane Fonda	Julia
Jane Fonda	Coming Home
Jane Fonda	They Shoot Horses, Dont They?
Jane Fonda	Klute
Jane Fonda	On Golden Pond
Jane Fonda	California Suite
Jane Lynch	Talladega Nights: The Ballad of Ricky Bobby
Jane Lynch	Alvin and the Chipmunks
Jane Withers	Giant
Jane Wyatt	None But the Lonely Heart
Jane Wyman	Johnny Belinda
Jane Wyman	Lost Weekend, The
Janet Gaynor	Seventh Heaven
Jared Harris	Sherlock Holmes: A Game of Shadows
Jason Alexander	Pretty Woman
Jason Bateman	Hancock
Jason Bateman	Juno
Jason Biggs	American Pie 2
Jason Boyd	Harry Potter and the Order of the Phoenix
Jason Davis	Talladega Nights: The Ballad of Ricky Bobby
Jason Flemyng	Clash of the Titans
Jason Fricchione	Ice Age: Dawn of the Dinosaurs
Jason Lee	Alvin and the Chipmunks: The Squeakquel
Jason Lee	Alvin and the Chipmunks
Jason Lee	The Incredibles
Jason Miller	Exorcist, The
Jason Robards	Melvin and Howard
Jason Robards	Julia
Jason Robards	Thousand Clowns, A
Jason Robards	All the Presidents Men
Jason Segel	Despicable Me
Jason Segel	Knocked Up
Jason Weaver	Lion King, The
Javier Bardem	No Country for Old Men
Javier Bardem	Vicky Cristina Barcelona
Jay Baruchel	Million Dollar Baby
Jay Baruchel	How to Train Your Dragon
Jay O. Sanders	The Day After Tomorrow
Jayma Mays	Paul Blart: Mall Cop
Jean Arthur	More the Merrier, The
Jean Arthur	Mr. Deeds Goes to Town
Jean Arthur	You Cant Take It with You
Jean Dujardin	The Artist
Jean Hersholt	Sin of Madelon Claudet, The
Jean Peters	Viva Zapata!
Jean Reno	Godzilla
Jean Reno	Mission: Impossible
Jean Reno	The Da Vinci Code
Jean Seberg	Airport
Jean Simmons	Elmer Gantry
Jean Simmons	Big Country, The
Jean Simmons	Spartacus
Jean Smart	Bringing Down the House
Jean-Paul Belmondo	Ciociara, La
Jean-Paul Rouve	Mome, La
Jeanette Hain	The Reader
Jeanne Crain	Letter to Three Wives, A
Jeanne Tripplehorn	Firm, The
Jeff Bridges	Last Picture Show, The
Jeff Bridges	TRON: Legacy
Jeff Bridges	Crazy Heart
Jeff Bridges	True Grit
Jeff Bridges	Iron Man
Jeff Bridges	Fisher King, The
Jeff Conaway	Grease
Jeff Daniels	Terms of Endearment
Jeff Daniels	101 Dalmatians
Jeff Garlin	WALL-E
Jeff Goldblum	Lost World: Jurassic Park, The
Jeff Goldblum	Jurassic Park
Jeff Goldblum	Independence Day
Jeffrey Garcia	Happy Feet
Jeffrey Jones	Ed Wood
Jeffrey Tambor	How the Grinch Stole Christmas
Jeffrey Wright	Syriana
Jeffrey Wright	Casino Royale
Jemaine Clement	Men in Black 3
Jennie Linden	Women in Love
Jennifer Aniston	Bruce Almighty
Jennifer Connelly	Hulk
Jennifer Connelly	Beautiful Mind, A
Jennifer Connelly	Pollock
Jennifer Garner	Juno
Jennifer Hudson	Dreamgirls
Jennifer Jones	Song of Bernadette, The
Jennifer Lawrence	The Hunger Games
Jennifer Tilly	Bullets Over Broadway
Jeremy Davies	Saving Private Ryan
Jeremy Irons	Lion King, The
Jeremy Irons	Reversal of Fortune
Jeremy Renner	Mission: Impossible - Ghost Protocol
Jeremy Renner	The Hurt Locker
Jeremy Slate	True Grit
Jerry OConnell	Jerry Maguire
Jerry Orbach	Beauty and the Beast
Jerry Reed	Waterboy, The
Jerzy Kosinski	Reds
Jess Hahn	Topkapi
Jessica Alba	Fantastic Four
Jessica Chastain	The Help
Jessica Lange	Blue Sky
Jessica Lange	Tootsie
Jessica Tandy	Driving Miss Daisy
Jihmi Kennedy	Glory
Jill Eikenberry	Arthur
Jim Broadbent	The Iron Lady
Jim Broadbent	Iris
Jim Broadbent	Harry Potter and the Half-Blood Prince
Jim Carrey	How the Grinch Stole Christmas
Jim Carrey	Horton Hears a Who!
Jim Carrey	Liar Liar
Jim Carrey	Batman Forever
Jim Carrey	Bruce Almighty
Jim King	Blair Witch Project, The
Jim Varney	Toy Story
Jo Van Fleet	East of Eden
Joan Blondell	Tree Grows in Brooklyn, A
Joan Chen	Last Emperor, The
Joan Crawford	Grand Hotel
Joan Crawford	Mildred Pierce
Joan Cusack	Runaway Bride
Joan Cusack	Toy Story 3
Joan Cusack	Toy Story 2
Joan Fontaine	Rebecca
Joan Fontaine	Suspicion
Joan Greenwood	Tom Jones
Joan Leslie	Sergeant York
Joan Leslie	Yankee Doodle Dandy
Joan Plowright	Bringing Down the House
Joan Plowright	101 Dalmatians
Joanna Cassidy	Who Framed Roger Rabbit
Joanne DiMauro	Mighty Aphrodite
Joanne Dru	All the Kings Men
Joanne Woodward	Three Faces of Eve, The
Joaquin Phoenix	Signs
Joaquin Phoenix	Walk the Line
Joaquin Phoenix	Gladiator
Jobyna Ralston	Wings
Jodie Foster	Accused, The
Jodie Foster	Silence of the Lambs, The
Joe Brown	In Old Arizona
Joe Mantell	Marty
Joe Morton	Terminator 2: Judgment Day
Joe Morton	What Lies Beneath
Joe Pantoliano	Fugitive, The
Joe Pantoliano	Matrix, The
Joe Pesci	Lethal Weapon 3
Joe Pesci	Home Alone 2: Lost in New York
Joe Pesci	Lethal Weapon 2
Joe Pesci	Lethal Weapon 4
Joe Pesci	Goodfellas
Joe Pesci	Home Alone
Joe Pesci	My Cousin Vinny
Joe Pesci	Raging Bull
Joel Grey	Cabaret
Joel McCrea	More the Merrier, The
Joel McCrea	Come and Get It
Joel McHale	Ted
Joely Richardson	101 Dalmatians
Joey Lauren Adams	Big Daddy
John Ashton	Beverly Hills Cop II
John Ashton	Beverly Hills Cop
John Bach	Lord of the Rings: The Return of the King, The
John Barrymore	Grand Hotel
John Belushi	Animal House
John C. McGinley	Wall Street
John C. Reilly	Chicago
John C. Reilly	The Aviator
John Carradine	Stagecoach
John Carradine	Grapes of Wrath, The
John Cassavetes	Rosemarys Baby
John Castle	The Lion in Winter
John Cazale	Deer Hunter, The
John Cazale	Godfather: Part II, The
John Cleese	Fish Called Wanda, A
John Corbett	My Big Fat Greek Wedding
John Cusack	Bullets Over Broadway
John Cusack	2012
John Derek	All the Kings Men
John Eldredge	Dangerous
John Garfield	Gentlemans Agreement
John Gielgud	Gandhi
John Gielgud	Arthur
John Goodman	Flintstones, The
John Goodman	The Artist
John Goodman	Monsters, Inc.
John Hannah	The Mummy
John Hannah	Mummy Returns, The
John Heard	Trip to Bountiful, The
John Heard	Home Alone 2: Lost in New York
John Heard	Home Alone
John Hillerman	Paper Moon
John Houseman	Paper Chase, The
John Howard	Philadelphia Story, The
John Ireland	All the Kings Men
John Kassir	Pocahontas
John Laurie	Hamlet
John Leguizamo	Ice Age
John Leguizamo	Ice Age: The Meltdown
John Lithgow	Rise of the Planet of the Apes
John Lithgow	Shrek
John Lone	Last Emperor, The
John Lone	Rush Hour 2
John Malkovich	Killing Fields, The
John Malkovich	Places in the Heart
John McGiver	Midnight Cowboy
John Megna	To Kill a Mockingbird
John Meillon	Crocodile Dundee
John Mills	Ryans Daughter
John Mills	Goodbye, Mr. Chips
John Ortiz	Fast & Furious
John Payne	Razors Edge, The
John Payne	Miracle on 34th Street
John Randolph	Prizzis Honor
John Rhys-Davies	Raiders of the Lost Ark
John Rhys-Davies	Indiana Jones and the Last Crusade
John Savage	Deer Hunter, The
John Spencer	Rock, The
John St. Polis	Coquette
John Travolta	Look Whos Talking
John Travolta	Grease
John Travolta	Wild Hogs
John Travolta	Saturday Night Fever
John Turturro	Color of Money, The
John Turturro	Transformers: Dark of the Moon
John Turturro	Transformers: Revenge of the Fallen
John Vernon	Animal House
John Wayne	True Grit
John Wayne	Stagecoach
John Wayne	Quiet Man, The
Johnny A. Sanchez	Happy Feet
Johnny Depp	Pirates of the Caribbean: At Worlds End
Johnny Depp	Alice in Wonderland
Johnny Depp	Ed Wood
Johnny Depp	Pirates of the Caribbean: The Curse of the Black Pearl
Johnny Depp	Pirates of the Caribbean: On Stranger Tides
Johnny Depp	Charlie and the Chocolate Factory
Johnny Depp	Pirates of the Caribbean: Dead Mans Chest
Johnny Knoxville	Men in Black II
Johnny Mack Brown	Coquette
Jon Gries	Taken
Jon Stewart	Big Daddy
Jon Voight	Pearl Harbor
Jon Voight	Lara Croft: Tomb Raider
Jon Voight	National Treasure: Book of Secrets
Jon Voight	National Treasure
Jon Voight	Midnight Cowboy
Jon Voight	Mission: Impossible
Jon Voight	Coming Home
Jonah Hill	How to Train Your Dragon
Jonathan Freeman	Aladdin
Jonathan Ke Quan	Indiana Jones and the Temple of Doom
Jonathan Lipnicki	Stuart Little
Jonathan Loughran	Anger Management
Jonathan Sagall	Schindlers List
Jonathan Taylor Thomas	Lion King, The
Jordan Nagai	Up
Jordana Brewster	Fast & Furious
Jordana Brewster	Fast Five
Jordana Brewster	Fast and the Furious, The
Jordi Molla	Bad Boys II
Jose Ferrer	Cyrano de Bergerac
Jose Lewgoy	Kiss of the Spider Woman
Jose Luis de Villalonga	Darling
Joseph Bennett	Howards End
Joseph Cali	Saturday Night Fever
Joseph Cotten	Farmers Daughter, The
Joseph Cotten	Gaslight
Joseph Fiennes	Shakespeare in Love
Joseph Gordon-Levitt	G.I. Joe: The Rise of Cobra
Joseph Gordon-Levitt	Inception
Joseph Gordon-Levitt	The Dark Knight Rises
Joseph Mussey	There Will Be Blood
Joseph Schildkraut	Life of Emile Zola, The
Joseph Schildkraut	Diary of Anne Frank, The
Joseph Williams	Lion King, The
Joseph Wiseman	Viva Zapata!
Josephine Hull	Harvey
Josephine Hutchinson	Story of Louis Pasteur, The
Josh Brolin	Milk
Josh Brolin	Men in Black 3
Josh Brolin	No Country for Old Men
Josh Brolin	True Grit
Josh Duhamel	Transformers: Revenge of the Fallen
Josh Duhamel	Transformers: Dark of the Moon
Josh Duhamel	Transformers
Josh Evans	Born on the Fourth of July
Josh Hartnett	Pearl Harbor
Josh Lucas	Hulk
Josh Pais	Teenage Mutant Ninja Turtles
Josh Peck	Ice Age: The Meltdown
Joshua Leonard	Blair Witch Project, The
Joss Ackland	Lethal Weapon 2
Judd Hirsch	Ordinary People
Judd Hirsch	Independence Day
Jude Law	Sherlock Holmes: A Game of Shadows
Jude Law	Sherlock Holmes
Jude Law	Cold Mountain
Judge Reinhold	Santa Clause, The
Judge Reinhold	Beverly Hills Cop
Judge Reinhold	Beverly Hills Cop II
Judge Reinhold	Santa Clause 2, The
Judi Dench	Shakespeare in Love
Judi Dench	Casino Royale
Judi Dench	Iris
Judi Dench	Quantum of Solace
Judi West	Fortune Cookie, The
Judith Anderson	Rebecca
Judith Hoag	Teenage Mutant Ninja Turtles
Judy Davis	Passage to India, A
Judy Holliday	Born Yesterday
Judy Kuhn	Pocahontas
Julia Louis-Dreyfus	A Bugs Life
Julia Nickson-Soul	Rambo: First Blood Part II
Julia Roberts	Erin Brockovich
Julia Roberts	Pretty Woman
Julia Roberts	Runaway Bride
Julia Stiles	The Bourne Ultimatum
Julia Stiles	The Bourne Supremacy
Julian Glover	Troy
Julian McMahon	Fantastic Four
Julian Sands	Leaving Las Vegas
Julian Sands	Killing Fields, The
Julianne Moore	Lost World: Jurassic Park, The
Julianne Moore	Hannibal
Julianne Moore	Fugitive, The
Julianne Moore	Hours, The
Julie Andrews	Despicable Me
Julie Andrews	Sound of Music, The
Julie Andrews	Shrek the Third
Julie Andrews	Shrek 2
Julie Andrews	Shrek Forever After
Julie Andrews	Mary Poppins
Julie Ann Emery	Hitch
Julie Christie	Darling
Julie Christie	Shampoo
Julie Harris	East of Eden
Julie Kavner	The Simpsons Movie
Julie Walters	Brave
Juliette Binoche	English Patient, The
June Duprez	None But the Lonely Heart
Jurgen Prochnow	Beverly Hills Cop II
Justin Bartha	The Hangover
Justin Bartha	The Hangover Part II
Justin Bartha	National Treasure: Book of Secrets
Justin Bartha	National Treasure
Justin Braine	Shine
Justin Chatwin	War of the Worlds
Justin Cooper	Liar Liar
Justin Henry	Kramer vs. Kramer
Justin Long	Alvin and the Chipmunks: The Squeakquel
Justin Long	Alvin and the Chipmunks
K Callan	Touch of Class, A
Kai Lennox	Beginners
Karen Allen	Indiana Jones and the Kingdom of the Crystal Skull
Karen Allen	Perfect Storm, The
Karen Allen	Raiders of the Lost Ark
Karen Disher	Ice Age: Dawn of the Dinosaurs
Karen Finley	Philadelphia
Karen Lynn Gorney	Saturday Night Fever
Karen Morley	Kentucky
Karina Arroyave	Crash
Karl Malden	On the Waterfront
Karl Malden	Streetcar Named Desire, A
Karl Malden	Patton
Karl Urban	The Bourne Supremacy
Kate Beahan	Matrix Revolutions, The
Kate Beckinsale	The Aviator
Kate Beckinsale	Pearl Harbor
Kate Beckinsale	Click
Kate Bosworth	Superman Returns
Kate Capshaw	Indiana Jones and the Temple of Doom
Kate Winslet	Iris
Kate Winslet	Titanic
Kate Winslet	The Reader
Katharine Hepburn	Guess Whos Coming to Dinner
Katharine Hepburn	Philadelphia Story, The
Katharine Hepburn	African Queen, The
Katharine Hepburn	The Lion in Winter
Katharine Hepburn	On Golden Pond
Katharine Hepburn	Morning Glory
Katharine Ross	Graduate, The
Katherine Heigl	Knocked Up
Kathleen Comegys	Miracle Worker, The
Kathleen Turner	Accidental Tourist, The
Kathleen Turner	Prizzis Honor
Kathy Bates	Waterboy, The
Kathy Bates	Titanic
Kathy Bates	Misery
Kathy Najimy	Sister Act
Katie Holmes	Batman Begins
Katina Paxinou	For Whom the Bell Tolls
Katy Jurado	High Noon
Kay Medford	Funny Girl
Kayvan Novak	Syriana
Keanu Reeves	Matrix, The
Keefe Brasselle	Place in the Sun, A
Keir ODonnell	Paul Blart: Mall Cop
Keira Knightley	Pirates of the Caribbean: At Worlds End
Keira Knightley	Pirates of the Caribbean: The Curse of the Black Pearl
Keira Knightley	Pirates of the Caribbean: Dead Mans Chest
Kelci Stephenson	Capote
Kelly Macdonald	No Country for Old Men
Kelly Macdonald	Brave
Kelly McGillis	Top Gun
Kelly McGillis	Accused, The
Kelly Preston	Jerry Maguire
Kelsey Grammer	Toy Story 2
Ken Jeong	The Hangover Part II
Ken Leung	Rush Hour
Ken Watanabe	Inception
Kerry Walker	Piano, The
Kerry Washington	The Last King of Scotland
Kerry Washington	Ray
Kerry Washington	Mr. & Mrs. Smith
Kevin Bacon	Mystic River
Kevin Bacon	Apollo 13
Kevin Bacon	Few Good Men, A
Kevin Costner	Untouchables, The
Kevin Costner	Dances with Wolves
Kevin Costner	Robin Hood: Prince of Thieves
Kevin Dunn	Godzilla
Kevin J. OConnor	The Mummy
Kevin James	Paul Blart: Mall Cop
Kevin James	Grown Ups
Kevin James	Hitch
Kevin Kline	Fish Called Wanda, A
Kevin Kline	Sophies Choice
Kevin McDonald	Lilo & Stitch
Kevin McNally	Pirates of the Caribbean: On Stranger Tides
Kevin Pollak	Usual Suspects, The
Kevin Spacey	Superman Returns
Kevin Spacey	L.A. Confidential
Kevin Spacey	A Bugs Life
Kevin Spacey	Usual Suspects, The
Kevin Spacey	American Beauty
Kiefer Sutherland	Monsters vs Aliens
Kiefer Sutherland	Few Good Men, A
Kim Basinger	Batman
Kim Basinger	L.A. Confidential
Kim Cattrall	Sex and the City
Kim Darby	True Grit
Kim Hunter	Streetcar Named Desire, A
Kirk Douglas	Spartacus
Kirk Douglas	Bad and the Beautiful, The
Kirk Douglas	Lust for Life
Kirk Douglas	Letter to Three Wives, A
Kirsten Dunst	Spider-Man
Kirsten Dunst	Spider-Man 2
Kirsten Dunst	Spider-Man 3
Kirsten Sheridan	My Left Foot
Kirstie Alley	Look Whos Talking
Kitty Winn	Exorcist, The
Klaus Maria Brandauer	Out of Africa
Kristanna Loken	Terminator 3: Rise of the Machines
Kristen Stewart	The Twilight Saga: Breaking Dawn - Part 1
Kristen Stewart	The Twilight Saga: Eclipse
Kristen Stewart	New Moon
Kristen Stewart	Twilight
Kristen Wiig	Bridesmaids
Kristin Davis	Sex and the City
Kristin Scott Thomas	English Patient, The
Kristine Sutherland	Honey, I Shrunk the Kids
Kyle Graham	Scary Movie
Kyle MacLachlan	Flintstones, The
Lainie Kazan	My Big Fat Greek Wedding
Lana Turner	Bad and the Beautiful, The
Lana Turner	Johnny Eager
Lara Flynn Boyle	Men in Black II
Lari White	Cast Away
Larry Gates	In the Heat of the Night
Larry The Cable Guy	Cars
Larry The Cable Guy	Cars 2
Laura Dern	Jurassic Park
Laura San Giacomo	Pretty Woman
Lauren Bacall	Written on the Wind
Lauren Bacall	Murder on the Orient Express
Lauren Bacall	Misery
Lauren Bacall	Key Largo
Laurence Fishburne	Mystic River
Laurence Fishburne	Matrix, The
Laurence Hanray	Private Life of Henry VIII., The
Laurence Harvey	Room at the Top
Laurence Harvey	Darling
Laurence Harvey	BUtterfield 8
Laurence Olivier	Hamlet
Laurence Olivier	Spartacus
Laurence Olivier	Rebecca
Laurie Heineman	Save the Tiger
Lea Thompson	Back to the Future
Lee Evans	Theres Something About Mary
Lee Grant	Shampoo
Lee Grant	In the Heat of the Night
Lee J. Cobb	Song of Bernadette, The
Lee J. Cobb	On the Waterfront
Lee J. Cobb	Three Faces of Eve, The
Lee J. Cobb	Exorcist, The
Lee Marvin	Cat Ballou
Lee Meredith	Sunshine Boys, The
Lee Tergesen	Monster
Leland Orser	Taken
Lelia Goldoni	Alice Doesnt Live Here Anymore
Lena Headey	300
Leo Howard	G.I. Joe: The Rise of Cobra
Leo McKern	Man for All Seasons, A
Leo McKern	Ryans Daughter
Leo Rossi	Accused, The
Leon Janney	Charly
Leonard Nimoy	Star Trek
Leonardo DiCaprio	The Aviator
Leonardo DiCaprio	Inception
Leonardo DiCaprio	The Departed
Leonardo DiCaprio	Catch Me If You Can
Leonardo DiCaprio	Titanic
Leonid Citer	Cast Away
Leslie Bibb	Iron Man
Leslie Caron	Gigi
Leslie Caron	American in Paris, An
Leslie Fenton	Boys Town
Leslie Harter Zemeckis	The Polar Express
Leslie Howard	Free Soul, A
Leslie Mann	Knocked Up
Levon Helm	Coal Miners Daughter
Lew Ayres	Johnny Belinda
Lewis Stone	Sin of Madelon Claudet, The
Liam Hemsworth	The Hunger Games
Liam Neeson	Taken
Liam Neeson	Clash of the Titans
Liam Neeson	Schindlers List
Liam Neeson	Batman Begins
Liam Neeson	Star Wars: Episode I - The Phantom Menace
Liesel Matthews	Air Force One
Liev Schreiber	X-Men Origins: Wolverine
Lila Kedrova	Alexis Zorbas
Lilia Skala	Charly
Lilia Skala	Lilies of the Field
Lily Collins	The Blind Side
Linda Cardellini	Scooby-Doo
Linda Darnell	Letter to Three Wives, A
Linda Fiorentino	Men in Black
Linda Hamilton	Terminator 2: Judgment Day
Linda Hunt	Year of Living Dangerously, The
Linda Kozlowski	Crocodile Dundee
Linda Larkin	Aladdin
Lindsay Crouse	Places in the Heart
Lindsay Wagner	Paper Chase, The
Lionel Barrymore	Captains Courageous
Lionel Barrymore	Grand Hotel
Lionel Barrymore	Key Largo
Lionel Barrymore	Free Soul, A
Lionel Barrymore	You Cant Take It with You
Lionel Stander	Mr. Deeds Goes to Town
Lisa Blount	Officer and a Gentleman, An
Lisa Daniels	One Hundred and One Dalmatians
Lisa Eilbacher	Beverly Hills Cop
Lisa Mann	Lilies of the Field
Liv Tyler	Lord of the Rings: The Two Towers, The
Liv Tyler	Armageddon
Liza Minnelli	Cabaret
Liza Minnelli	Arthur
Lloyd Bridges	High Noon
Lloyd Nolan	Tree Grows in Brooklyn, A
Lombardo Boyar	Happy Feet
Loretta Young	Kentucky
Loretta Young	Farmers Daughter, The
Lori Galinski	Oceans Eleven
Lorraine Bracco	Goodfellas
Lorraine Gary	Jaws
Lorrie Bess Crumley	Talladega Nights: The Ballad of Ricky Bobby
Lou Antonio	Cool Hand Luke
Lou Romano	Ratatouille
Louis Gossett Jr.	Officer and a Gentleman, An
Louis Jourdan	V.I.P.s, The
Louis Jourdan	Gigi
Louis Prima	Jungle Book, The
Louis Wolheim	Two Arabian Knights
Louise Fletcher	One Flew Over the Cuckoos Nest
Lucile Watson	Watch on the Rhine
Lucile Watson	Great Lie, The
Ludacris	Fast Five
Luis Guzman	Anger Management
Luise Rainer	Great Ziegfeld, The
Luise Rainer	Good Earth, The
Lynn Collins	X-Men Origins: Wolverine
M. Emmet Walsh	Ordinary People
M.C. Gainey	Tangled
Macaulay Culkin	Home Alone 2: Lost in New York
Macaulay Culkin	Home Alone
MacInTalk	WALL-E
Madeline Kahn	Paper Moon
Mady Christians	Come and Get It
Maggie Grace	Taken
Maggie Gyllenhaal	The Dark Knight
Maggie Smith	California Suite
Maggie Smith	Prime of Miss Jean Brodie, The
Maggie Smith	Harry Potter and the Sorcerers Stone
Maggie Smith	Sister Act
Maia Morgenstern	Passion of the Christ, The
Maile Flanagan	Ice Age: Dawn of the Dinosaurs
Mala Powers	Cyrano de Bergerac
Malick Bowens	Out of Africa
Mandy Moore	Tangled
Marcel Bozzuffi	French Connection, The
Marcia Gay Harden	Pollock
Marcia Gay Harden	Mystic River
Marcia Strassman	Honey, I Shrunk the Kids
Margaret Colin	Three Men and a Baby
Margaret Colin	Independence Day
Margaret Lindsay	Dangerous
Margaret Lindsay	Jezebel
Margaret Rutherford	V.I.P.s, The
Margot Grahame	Informer, The
Maria Aitken	Fish Called Wanda, A
Maria Pitillo	Godzilla
Mariah Carey	Precious: Based on the Novel Push by Sapphire
Marie Dressler	Divine Lady, The
Marie Dressler	Min and Bill
Marion Cotillard	Mome, La
Marisa Pavan	Rose Tattoo, The
Marisa Tomei	My Cousin Vinny
Marisa Tomei	Anger Management
Marisa Tomei	What Women Want
Marius Goring	Barefoot Contessa, The
Marjorie Rambeau	Min and Bill
Mark Hamill	Star Wars: Episode V - The Empire Strikes Back
Mark Hamill	Star Wars: Episode VI - Return of the Jedi
Mark Hamill	Star Wars
Mark Lester	Oliver!
Mark Ruffalo	The Avengers
Mark Strong	Sherlock Holmes
Mark Wahlberg	The Fighter
Mark Wahlberg	Perfect Storm, The
Mark Wahlberg	Planet of the Apes
Mark Wahlberg	Ted
Mark Wahlberg	The Departed
Marlee Matlin	Children of a Lesser God
Marlene Dietrich	Judgment at Nuremberg
Marlon Brando	On the Waterfront
Marlon Brando	Superman
Marlon Brando	Viva Zapata!
Marlon Brando	Sayonara
Marlon Brando	Streetcar Named Desire, A
Marlon Brando	Godfather, The
Marsha Mason	Goodbye Girl, The
Martha Scott	Sayonara
Martin Balsam	Murder on the Orient Express
Martin Balsam	All the Presidents Men
Martin Balsam	Thousand Clowns, A
Martin Benson	King and I, The
Martin Landau	Ed Wood
Martin Lawrence	Wild Hogs
Martin Lawrence	Bad Boys II
Martin Sheen	Catch Me If You Can
Martin Sheen	The Departed
Martin Sheen	The Amazing Spider-Man
Martin Sheen	Subject Was Roses, The
Martin Stringer	There Will Be Blood
Martita Hunt	Anastasia
Marton Csokas	XXX
Mary Alice	Matrix Revolutions, The
Mary Anderson	To Each His Own
Mary Astor	Great Lie, The
Mary Astor	Two Arabian Knights
Mary Badham	To Kill a Mockingbird
Mary Beth Hurt	Affliction
Mary Duncan	Morning Glory
Mary Elizabeth Mastrantonio	Color of Money, The
Mary Elizabeth Mastrantonio	Robin Hood: Prince of Thieves
Mary Gibbs	Monsters, Inc.
Mary McDonnell	Dances with Wolves
Mary McDonnell	Independence Day
Mary Pickford	Coquette
Mary Steenburgen	The Proposal
Mary Steenburgen	Melvin and Howard
Mary Steenburgen	Elf
Mary Tyler Moore	Ordinary People
Mary Wickes	Sister Act
Mathieu Amalric	Quantum of Solace
Matt Damon	The Departed
Matt Damon	Saving Private Ryan
Matt Damon	True Grit
Matt Damon	The Bourne Ultimatum
Matt Damon	Good Will Hunting
Matt Damon	The Bourne Supremacy
Matt Dillon	Theres Something About Mary
Matt Frewer	Honey, I Shrunk the Kids
Matt Moore	Coquette
Matthew Braden Stringer	There Will Be Blood
Matthew Broderick	Glory
Matthew Broderick	Lion King, The
Matthew Broderick	Godzilla
Matthew Gray Gubler	Alvin and the Chipmunks: The Squeakquel
Matthew Lillard	Scooby-Doo
Maura Tierney	Liar Liar
Maureen Lipman	Pianist, The
Maureen OHara	How Green Was My Valley
Maureen OHara	Quiet Man, The
Maureen OHara	Miracle on 34th Street
Maureen Stapleton	Reds
Maurice Chevalier	Gigi
Maurice Evans	Rosemarys Baby
Max Casella	Dinosaur
Max von Sydow	Minority Report
Max von Sydow	Exorcist, The
Max von Sydow	Rush Hour 3
Maximilian Schell	Judgment at Nuremberg
Maximilian Schell	Topkapi
Maximilian Schell	Julia
Maya Rudolph	Bridesmaids
Megan Fox	Transformers
Megan Fox	Transformers: Revenge of the Fallen
Mel Gibson	Braveheart
Mel Gibson	Ransom
Mel Gibson	Pocahontas
Mel Gibson	What Women Want
Mel Gibson	Lethal Weapon 3
Mel Gibson	Year of Living Dangerously, The
Mel Gibson	Signs
Mel Gibson	Lethal Weapon 2
Mel Gibson	Lethal Weapon 4
Melanie Laurent	Inglourious Basterds
Melanie Laurent	Beginners
Melina Mercouri	Topkapi
Melissa Leo	The Fighter
Melissa McCarthy	Bridesmaids
Melvyn Douglas	Being There
Melvyn Douglas	Hud
Melvyn Douglas	Captains Courageous
Mena Suvari	American Beauty
Mercedes McCambridge	All the Kings Men
Mercedes Ruehl	Fisher King, The
Meryl Streep	Adaptation.
Meryl Streep	The Iron Lady
Meryl Streep	Hours, The
Meryl Streep	Deer Hunter, The
Meryl Streep	Kramer vs. Kramer
Meryl Streep	Sophies Choice
Meryl Streep	Out of Africa
Mia Bendixsen	Alice Doesnt Live Here Anymore
Mia Farrow	Hannah and Her Sisters
Mia Farrow	Rosemarys Baby
Mia Wasikowska	Alice in Wonderland
Michael Berryman	One Flew Over the Cuckoos Nest
Michael C. Williams	Blair Witch Project, The
Michael Caine	The Dark Knight
Michael Caine	Hannah and Her Sisters
Michael Caine	Cider House Rules, The
Michael Caine	Batman Begins
Michael Caine	Cars 2
Michael Caine	California Suite
Michael Callan	Cat Ballou
Michael Cera	Juno
Michael Chiklis	Fantastic Four
Michael Clarke Duncan	Green Mile, The
Michael Clarke Duncan	Planet of the Apes
Michael Constantine	My Big Fat Greek Wedding
Michael Douglas	Fatal Attraction
Michael Douglas	Wall Street
Michael Fassbender	Inglourious Basterds
Michael Gough	Batman Returns
Michael Irvin	The Longest Yard
Michael J. Fox	Stuart Little
Michael J. Fox	Back to the Future
Michael J. Pollard	Bonnie and Clyde
Michael Keaton	Batman Returns
Michael Keaton	Batman
Michael Kitchen	Out of Africa
Michael McCleery	Harry and Tonto
Michael Nyqvist	Mission: Impossible - Ghost Protocol
Michael OKeefe	Michael Clayton
Michael Palin	Fish Called Wanda, A
Michael Roof	XXX
Michael Sarrazin	They Shoot Horses, Dont They?
Michael Saucedo	Traffic
Michael Strong	Patton
Michael Vavitch	Two Arabian Knights
Michael Warren	Butterflies Are Free
Michael York	Austin Powers: The Spy Who Shagged Me
Michael York	Cabaret
Michael York	Austin Powers in Goldmember
Michelle Monaghan	Mission: Impossible III
Michelle Pfeiffer	What Lies Beneath
Michelle Pfeiffer	Batman Returns
Michelle Rodriguez	Fast and the Furious, The
Michelle Rodriguez	Fast & Furious
Michelle Rodriguez	Avatar
Mickey OKeefe	The Fighter
Mickey Rooney	Night at the Museum
Mickey Rooney	Boys Town
Mickey Rooney	National Velvet
Miiko Taka	Sayonara
Mike Colter	Million Dollar Baby
Mike Myers	Austin Powers: The Spy Who Shagged Me
Mike Myers	Austin Powers in Goldmember
Mike Myers	Shrek the Third
Mike Myers	Shrek 2
Mike Myers	Shrek Forever After
Mike Myers	Shrek
Mila Kunis	Black Swan
Mila Kunis	Ted
Mildred Dunnock	BUtterfield 8
Miles Mander	Private Life of Henry VIII., The
Millard Mitchell	Twelve OClock High
Millie Perkins	Diary of Anne Frank, The
Milton Goncalves	Kiss of the Spider Woman
Minna Gombell	Bad Girl
Minnie Driver	Good Will Hunting
Minnie Driver	Tarzan
Mira Sorvino	Mighty Aphrodite
Miranda Otto	War of the Worlds
Miranda Richardson	Hours, The
Miriam Hopkins	Heiress, The
Mischa Auer	You Cant Take It with You
Mischa Barton	Sixth Sense, The
Mitchell Whitfield	My Cousin Vinny
Mitzi Green	Skippy
Miyoshi Umeki	Sayonara
MoNique	Precious: Based on the Novel Push by Sapphire
Monica Bellucci	Passion of the Christ, The
Monica Potter	Patch Adams
Montgomery Clift	From Here to Eternity
Montgomery Clift	Place in the Sun, A
Montgomery Clift	Heiress, The
Morgan Freeman	Driving Miss Daisy
Morgan Freeman	Bruce Almighty
Morgan Freeman	Million Dollar Baby
Morgan Freeman	Deep Impact
Morgan Freeman	Glory
Morgan Freeman	Unforgiven
Morgan Freeman	Robin Hood: Prince of Thieves
Morris Carnovsky	Cyrano de Bergerac
Murray Hamilton	Jaws
Murray Hamilton	Graduate, The
Mykelti Williamson	Forrest Gump
Myrna Loy	Great Ziegfeld, The
Myrna Loy	Best Years of Our Lives, The
Nance ONeil	Cimarron
Nancy Baldwin	Mamma Mia!
Nancy Cartwright	The Simpsons Movie
Nancy Travis	Three Men and a Baby
Naomi Watts	King Kong
Nat King Cole	Cat Ballou
Natalie Portman	Star Wars: Episode III - Revenge of the Sith
Natalie Portman	Black Swan
Natalie Portman	Star Wars: Episode I - The Phantom Menace
Natalie Portman	Thor
Natalie Portman	Star Wars: Episode II - Attack of the Clones
Natalie Wood	West Side Story
Natalie Wood	Miracle on 34th Street
Nathalie Baye	Catch Me If You Can
Nathan Jones	Troy
Nathan Lane	Stuart Little
Naveen Andrews	English Patient, The
Ned Beatty	Superman
Ned Beatty	Toy Story 3
Neil Hamilton	Sin of Madelon Claudet, The
Nelly	The Longest Yard
Nia Vardalos	My Big Fat Greek Wedding
Niall MacGinnis	Hamlet
Nicholas Colasanto	Raging Bull
Nicholas Farrell	Chariots of Fire
Nicholas Soussanin	Last Command, The
Nick Nolte	Hulk
Nick Nolte	Affliction
Nick Stahl	Terminator 3: Rise of the Machines
Nicolas Cage	National Treasure: Book of Secrets
Nicolas Cage	National Treasure
Nicolas Cage	Rock, The
Nicolas Cage	Leaving Las Vegas
Nicolas Cage	Moonstruck
Nicolas Cage	Adaptation.
Nicole DeHuff	Meet the Parents
Nicole Kidman	Batman Forever
Nicole Kidman	Cold Mountain
Nicole Kidman	Hours, The
Nicoletta Braschi	Vita e bella, La
Nigel Bruce	Suspicion
Nigel Havers	Chariots of Fire
Nigel Hawthorne	Tarzan
Nigel Terry	The Lion in Winter
Nikki Reed	Twilight
Nina Foch	American in Paris, An
Noah Taylor	Lara Croft: Tomb Raider
Noah Taylor	Charlie and the Chocolate Factory
Noel Appleby	Lord of the Rings: The Fellowship of the Ring, The
Noel Appleby	Lord of the Rings: The Return of the King, The
Nona Gaye	The Polar Express
Noomi Rapace	Sherlock Holmes: A Game of Shadows
Norma Shearer	Free Soul, A
Norman Burton	Save the Tiger
Octavia Spencer	The Help
Oded Fehr	Mummy Returns, The
Olga Kurylenko	Quantum of Solace
Oliver Platt	2012
Oliver Platt	Doctor Dolittle
Oliver Reed	Gladiator
Oliver Reed	Oliver!
Oliver Reed	Women in Love
Olivia de Havilland	Anthony Adverse
Olivia de Havilland	Heiress, The
Olivia de Havilland	To Each His Own
Olivia Newton-John	Grease
Olivia Wilde	TRON: Legacy
Olivia Williams	Sixth Sense, The
Olympia Dukakis	Moonstruck
Olympia Dukakis	Look Whos Talking
Omar Sharif	Lawrence of Arabia
Omar Sharif	Funny Girl
Orlando Bloom	Pirates of the Caribbean: Dead Mans Chest
Orlando Bloom	Pirates of the Caribbean: At Worlds End
Orlando Bloom	Pirates of the Caribbean: The Curse of the Black Pearl
Orson Welles	Man for All Seasons, A
Oscar Levant	American in Paris, An
Ossie Davis	Dinosaur
Ossie Davis	Doctor Dolittle
Otto Preminger	Stalag 17
Owen Wilson	Wedding Crashers
Owen Wilson	Night at the Museum: Battle of the Smithsonian
Owen Wilson	Cars 2
Owen Wilson	Cars
P.J. Johnson	Paper Moon
Paddy Considine	The Bourne Ultimatum
Paige OHara	Beauty and the Beast
Pam Ferris	Harry Potter and the Prisoner of Azkaban
Pamela Blair	Mighty Aphrodite
Pamela Brown	Lust for Life
Pamela Franklin	Prime of Miss Jean Brodie, The
Parker Posey	Superman Returns
Pascal Greggory	Mome, La
Pat Henning	On the Waterfront
Pat Hingle	Norma Rae
Pat Hingle	Batman
Patricia Arquette	Ed Wood
Patricia Neal	Subject Was Roses, The
Patricia Neal	Hud
Patricia Owens	Sayonara
Patricia Quinn	Rocky Horror Picture Show, The
Patricia Smith	Save the Tiger
Patricia Wettig	City Slickers
Patrick Stewart	X2
Patrick Stewart	Chicken Little
Patrick Stewart	X-Men: The Last Stand
Patrick Stewart	X-Men
Patrick Swayze	Ghost
Patti LuPone	Driving Miss Daisy
Patton Oswalt	Ratatouille
Patty Duke	Miracle Worker, The
Paul Benedict	Goodbye Girl, The
Paul Bettany	The Da Vinci Code
Paul Bettany	Beautiful Mind, A
Paul Dano	Little Miss Sunshine
Paul Douglas	Letter to Three Wives, A
Paul Fix	Bad Girl
Paul Freeman	Raiders of the Lost Ark
Paul Giamatti	Planet of the Apes
Paul Henreid	Goodbye, Mr. Chips
Paul Henreid	Casablanca
Paul Herman	Crazy Heart
Paul Hogan	Crocodile Dundee
Paul J. Lombardi	Fisher King, The
Paul L. Nolan	Oceans Eleven
Paul Le Mat	Melvin and Howard
Paul Lukas	Watch on the Rhine
Paul Lukas	Watch on the Rhine
Paul Michael Glaser	Butterflies Are Free
Paul Muni	Good Earth, The
Paul Muni	Story of Louis Pasteur, The
Paul Muni	Life of Emile Zola, The
Paul Newman	Color of Money, The
Paul Newman	Sweet Bird of Youth
Paul Newman	Sting, The
Paul Newman	Cars
Paul Newman	Hud
Paul Newman	Cool Hand Luke
Paul Pape	Saturday Night Fever
Paul Rudd	Cider House Rules, The
Paul Rudd	Knocked Up
Paul Sanchez	Cast Away
Paul Scofield	Man for All Seasons, A
Paul Simon	Annie Hall
Paul Sorvino	Touch of Class, A
Paul Sorvino	Goodfellas
Paul Walker	Fast and the Furious, The
Paul Walker	Fast & Furious
Paul Walker	Fast Five
Paula Patton	Mission: Impossible - Ghost Protocol
Paula Patton	Precious: Based on the Novel Push by Sapphire
Peggy Ashcroft	Passage to India, A
Peggy Dow	Harvey
Peggy Wood	Sound of Music, The
Penelope Ann Miller	The Artist
Penelope Cruz	Pirates of the Caribbean: On Stranger Tides
Penelope Cruz	Vicky Cristina Barcelona
Penelope Milford	Coming Home
Penelope Wilton	Iris
Pernilla August	Star Wars: Episode I - The Phantom Menace
Pete Postlethwaite	Lost World: Jurassic Park, The
Peter Boyle	Doctor Dolittle
Peter Brocco	One Flew Over the Cuckoos Nest
Peter Bull	African Queen, The
Peter Coyote	E.T. the Extra-Terrestrial
Peter Cushing	Star Wars
Peter Finch	Network
Peter MacNicol	Sophies Choice
Peter OToole	Last Emperor, The
Peter OToole	Lawrence of Arabia
Peter OToole	The Lion in Winter
Peter Sarsgaard	Boys Dont Cry
Peter Scolari	The Polar Express
Peter Sellers	Being There
Peter Sohn	Ratatouille
Peter Stormare	Bad Boys II
Peter Stormare	Fargo
Peter Ustinov	Spartacus
Peter Ustinov	Topkapi
Phil Harris	Jungle Book, The
Philip Baker Hall	Bruce Almighty
Philip Bosco	Children of a Lesser God
Philip Ober	Come Back, Little Sheba
Philip Seymour Hoffman	Twister
Philip Seymour Hoffman	Capote
Philip Seymour Hoffman	Scent of a Woman
Philip Seymour Hoffman	Mission: Impossible III
Philip Seymour Hoffman	Patch Adams
Phillip Alford	To Kill a Mockingbird
Phillip Terry	Lost Weekend, The
Phillip Terry	To Each His Own
Phoebe Cates	Gremlins
Phoebe Waller-Bridge	The Iron Lady
Phyllis Boyens	Coal Miners Daughter
Phyllis Diller	A Bugs Life
Pierce Brosnan	Mrs. Doubtfire
Pierce Brosnan	Mamma Mia!
Pierce Brosnan	Die Another Day
Pinto Colvig	Snow White and the Seven Dwarfs
Piper Laurie	Children of a Lesser God
Piper Perabo	Cheaper by the Dozen
Polly Holliday	Gremlins
Polly Holliday	Mrs. Doubtfire
Powers Boothe	Blue Sky
Preston Foster	Informer, The
Prunella Scales	Howards End
Queen Latifah	Bringing Down the House
Queen Latifah	Chicago
Quinn Cummings	Goodbye Girl, The
Quinton Aaron	The Blind Side
R. Lee Ermey	Dead Man Walking
Rachael Taylor	Transformers
Rachel McAdams	Sherlock Holmes: A Game of Shadows
Rachel McAdams	Wedding Crashers
Rachel McAdams	Sherlock Holmes
Rachel Weisz	Mummy Returns, The
Rachel Weisz	The Mummy
Rachel Weisz	The Constant Gardener
Raini Rodriguez	Paul Blart: Mall Cop
Rajendranath Zutshi	Slumdog Millionaire
Ralph Bellamy	Awful Truth, The
Ralph Bellamy	Pretty Woman
Ralph Clanton	Cyrano de Bergerac
Ralph Fiennes	Harry Potter and the Deathly Hallows: Part 2
Ralph Fiennes	Clash of the Titans
Ralph Fiennes	English Patient, The
Ralph Fiennes	The Reader
Ralph Fiennes	Schindlers List
Ralph Fiennes	The Constant Gardener
Ralph Fiennes	The Hurt Locker
Ralph Macchio	My Cousin Vinny
Ralph Richardson	Heiress, The
Randy Quaid	Brokeback Mountain
Raul Julia	Kiss of the Spider Woman
Ray Anthony	Matrix Reloaded, The
Ray Collins	Double Life, A
Ray Liotta	Goodfellas
Ray Liotta	Wild Hogs
Ray Liotta	Hannibal
Ray Milland	Lost Weekend, The
Ray Romano	Ice Age: The Meltdown
Ray Romano	Ice Age
Ray Walston	Sting, The
Ray Walston	Apartment, The
Ray Winstone	Indiana Jones and the Kingdom of the Crystal Skull
Raymond J. Barry	Dead Man Walking
Raymond J. Barry	Born on the Fourth of July
Raymond Massey	East of Eden
Raymond Serra	Teenage Mutant Ninja Turtles
Rebecca De Mornay	Trip to Bountiful, The
Rebecca Hall	Vicky Cristina Barcelona
Red Buttons	They Shoot Horses, Dont They?
Red Buttons	Sayonara
Reese Witherspoon	Monsters vs Aliens
Reese Witherspoon	Walk the Line
Regina King	Ray
Reginald Owen	Mrs. Miniver
Rene Ceballos	Mighty Aphrodite
Rene Enriquez	Harry and Tonto
Rene Russo	Lethal Weapon 3
Rene Russo	Ransom
Rene Russo	Lethal Weapon 4
Renee Zellweger	Jerry Maguire
Renee Zellweger	Cold Mountain
Renee Zellweger	Chicago
Renee Zellweger	Shark Tale
Rex Harrison	My Fair Lady
Rhys Ifans	The Amazing Spider-Man
Richard A. Dysart	Being There
Richard Arlen	Wings
Richard Attenborough	Lost World: Jurassic Park, The
Richard Attenborough	Jurassic Park
Richard Benjamin	Sunshine Boys, The
Richard Beymer	West Side Story
Richard Beymer	Diary of Anne Frank, The
Richard Bradford	Trip to Bountiful, The
Richard Burton	V.I.P.s, The
Richard Burton	Whos Afraid of Virginia Woolf?
Richard Crenna	Rambo: First Blood Part II
Richard Davalos	East of Eden
Richard Dix	Cimarron
Richard Dixon	The Kings Speech
Richard Dreyfuss	Goodbye Girl, The
Richard Dreyfuss	Jaws
Richard Farnsworth	Misery
Richard Gaines	More the Merrier, The
Richard Gere	Chicago
Richard Gere	Runaway Bride
Richard Gere	Officer and a Gentleman, An
Richard Gere	Pretty Woman
Richard Greene	Kentucky
Richard Griffiths	Harry Potter and the Chamber of Secrets
Richard Griffiths	Harry Potter and the Deathly Hallows: Part 1
Richard Griffiths	Harry Potter and the Prisoner of Azkaban
Richard Harris	Unforgiven
Richard Harris	Gladiator
Richard Harris	Harry Potter and the Sorcerers Stone
Richard Haydn	Sound of Music, The
Richard Jaeckel	Come Back, Little Sheba
Richard Lewis	Leaving Las Vegas
Richard Macklin	Harry Potter and the Order of the Phoenix
Richard OBrien	Rocky Horror Picture Show, The
Richard Roxburgh	Mission: Impossible II
Richard S. Castellano	Godfather, The
Richard Schiff	Doctor Dolittle
Richard White	Beauty and the Beast
Richard Whorf	Yankee Doodle Dandy
Richard Widmark	Judgment at Nuremberg
Rick Lenz	Cactus Flower
Rick Moranis	Ghostbusters
Rick Moranis	Honey, I Shrunk the Kids
Rick Moranis	Flintstones, The
Rick Yune	Fast and the Furious, The
Rick Yune	Die Another Day
Rip Torn	Sweet Bird of Youth
Rip Torn	Men in Black
Rita Hayworth	Separate Tables
Rita Karin	Sophies Choice
Rita Moreno	King and I, The
Rita Moreno	West Side Story
Rita Wilson	Runaway Bride
Ritchie Singer	Crocodile Dundee
Rob Lowe	Austin Powers: The Spy Who Shagged Me
Rob Schneider	Grown Ups
Robbie Coltrane	Brave
Robbie Coltrane	Harry Potter and the Sorcerers Stone
Robby Benson	Beauty and the Beast
Robert Carradine	Coming Home
Robert Coogan	Skippy
Robert De Niro	Goodfellas
Robert De Niro	Meet the Fockers
Robert De Niro	Shark Tale
Robert De Niro	Raging Bull
Robert De Niro	Untouchables, The
Robert De Niro	Godfather: Part II, The
Robert De Niro	Meet the Parents
Robert De Niro	Deer Hunter, The
Robert Donat	Private Life of Henry VIII., The
Robert Donat	Goodbye, Mr. Chips
Robert Downey Jr.	Sherlock Holmes: A Game of Shadows
Robert Downey Jr.	Iron Man 2
Robert Downey Jr.	Sherlock Holmes
Robert Downey Jr.	Iron Man
Robert Downey Jr.	The Avengers
Robert Drivas	Cool Hand Luke
Robert Duvall	True Grit
Robert Duvall	Godfather, The
Robert Duvall	Godfather: Part II, The
Robert Duvall	Tender Mercies
Robert Duvall	To Kill a Mockingbird
Robert Duvall	Deep Impact
Robert Duvall	Network
Robert Keith	Written on the Wind
Robert Littman	Rush Hour
Robert Loggia	Prizzis Honor
Robert Loggia	Officer and a Gentleman, An
Robert MacNaughton	E.T. the Extra-Terrestrial
Robert Mitchum	Ryans Daughter
Robert Morley	African Queen, The
Robert Morley	Topkapi
Robert Morley	Around the World in Eighty Days
Robert Patrick	Walk the Line
Robert Patrick	Terminator 2: Judgment Day
Robert Pattinson	Twilight
Robert Pattinson	The Twilight Saga: Breaking Dawn - Part 1
Robert Pattinson	The Twilight Saga: Eclipse
Robert Pattinson	New Moon
Robert Portal	The Kings Speech
Robert Prosky	Dead Man Walking
Robert Redford	All the Presidents Men
Robert Redford	Sting, The
Robert Redford	Out of Africa
Robert Shaw	Jaws
Robert Shaw	Man for All Seasons, A
Robert Shaw	Sting, The
Robert Stack	Written on the Wind
Robert Stephens	Prime of Miss Jean Brodie, The
Robert Sterling	Johnny Eager
Robert Strauss	Stalag 17
Robert Taylor	Johnny Eager
Robert Wagner	Austin Powers in Goldmember
Robert Wagner	Austin Powers: The Spy Who Shagged Me
Robert Wuhl	Batman
Roberta Maxwell	Philadelphia
Roberto Benigni	Vita e bella, La
Roberts Blossom	Home Alone
Robin Williams	Night at the Museum: Battle of the Smithsonian
Robin Williams	Aladdin
Robin Williams	Good Will Hunting
Robin Williams	Happy Feet
Robin Williams	Fisher King, The
Robin Williams	Patch Adams
Robin Williams	Mrs. Doubtfire
Robin Wright Penn	Forrest Gump
Rock Hudson	Written on the Wind
Rock Hudson	Giant
Rod Steiger	In the Heat of the Night
Rod Steiger	On the Waterfront
Rod Taylor	One Hundred and One Dalmatians
Roddy McDowall	How Green Was My Valley
Rodney A. Grant	Dances with Wolves
Roger Allam	The Queen
Roland Culver	To Each His Own
Roland Curram	Darling
Ron Leibman	Norma Rae
Ron Moody	Oliver!
Ron Perlman	Tangled
Ron Rich	Fortune Cookie, The
Ron Silver	Reversal of Fortune
Ronald Colman	Double Life, A
Ronald Lacey	Raiders of the Lost Ark
Ronald Squire	Around the World in Eighty Days
Rongguang Yu	The Karate Kid
Ronny Cox	Beverly Hills Cop II
Ronny Cox	Beverly Hills Cop
Rory Culkin	Signs
Rosamund Pike	Die Another Day
Rosario Dawson	Men in Black II
Roscoe Ates	Champ, The
Roscoe Karns	It Happened One Night
Rose Byrne	Bridesmaids
Rose Hobart	Farmers Daughter, The
Roselyn Sanchez	Rush Hour 2
Rosemary Harris	Spider-Man 2
Roshan Seth	Indiana Jones and the Temple of Doom
Rosie Huntington-Whiteley	Transformers: Dark of the Moon
Rosie ODonnell	Flintstones, The
Rowan Atkinson	Scooby-Doo
Roy Atwell	Snow White and the Seven Dwarfs
Roy Dotrice	Amadeus
Roy Scheider	Klute
Roy Scheider	French Connection, The
Roy Scheider	Jaws
Rudy Bond	Streetcar Named Desire, A
Ruocheng Ying	Last Emperor, The
Rupert Grint	Harry Potter and the Order of the Phoenix
Rupert Grint	Harry Potter and the Chamber of Secrets
Rupert Grint	Harry Potter and the Deathly Hallows: Part 2
Rupert Grint	Harry Potter and the Half-Blood Prince
Russ Tamblyn	West Side Story
Russell Brand	Despicable Me
Russell Crowe	Gladiator
Russell Crowe	Beautiful Mind, A
Russell Crowe	L.A. Confidential
Ruth Gordon	Rosemarys Baby
Ruth Hussey	Philadelphia Story, The
Ruth White	Charly
Ryan ONeal	Paper Moon
Ryan Reynolds	The Proposal
Sacha Baron Cohen	Madagascar: Escape 2 Africa
Sacha Baron Cohen	Madagascar 3: Europes Most Wanted
Sacha Baron Cohen	Madagascar
Sala Baker	Lord of the Rings: The Fellowship of the Ring, The
Salli Richardson	I Am Legend
Sally Eilers	Bad Girl
Sally Field	Mrs. Doubtfire
Sally Field	Norma Rae
Sally Field	Places in the Heart
Sally Field	Forrest Gump
Sam Elliott	Hulk
Sam Neill	Jurassic Park
Sam Neill	Piano, The
Sam Neill	Jurassic Park III
Sam Rockwell	Iron Man 2
Sam Waterston	Killing Fields, The
Sam Worthington	Avatar
Sam Worthington	Clash of the Titans
Samantha Morton	Minority Report
Samuel L. Jackson	Star Wars: Episode II - Attack of the Clones
Samuel L. Jackson	The Incredibles
Samuel L. Jackson	XXX
Samuel L. Jackson	Star Wars: Episode III - Revenge of the Sith
Sandra Bullock	The Blind Side
Sandra Bullock	The Proposal
Sandra Bullock	Crash
Sandy Dennis	Whos Afraid of Virginia Woolf?
Sandy Nelson	Braveheart
Sarah Jessica Parker	Sex and the City
Sarah Jessica Parker	Ed Wood
Sarah Michelle Gellar	Scooby-Doo
Saunders Triplets	Harry Potter and the Sorcerers Stone
Saurabh Shukla	Slumdog Millionaire
Scarlett Johansson	Iron Man 2
Scarlett Johansson	The Avengers
Scarlett Johansson	Vicky Cristina Barcelona
Scott Glenn	Training Day
Scott Glenn	Silence of the Lambs, The
Scott Glenn	The Bourne Ultimatum
Scott Weinger	Aladdin
Sean Astin	Lord of the Rings: The Return of the King, The
Sean Astin	Lord of the Rings: The Fellowship of the Ring, The
Sean Astin	Lord of the Rings: The Two Towers, The
Sean Bean	National Treasure
Sean Bean	Lord of the Rings: The Fellowship of the Ring, The
Sean Connery	Untouchables, The
Sean Connery	Indiana Jones and the Last Crusade
Sean Connery	Rock, The
Sean Lawlor	Braveheart
Sean Penn	Mystic River
Sean Penn	Milk
Sean Penn	Dead Man Walking
Seann William Scott	Ice Age: The Meltdown
Sebastian Cabot	Jungle Book, The
Sebastian Stan	Captain America: The First Avenger
Sela Ward	Fugitive, The
Sergio Bini Bustric	Vita e bella, La
Sergio Rubini	Passion of the Christ, The
Sessue Hayakawa	Bridge on the River Kwai, The
Seth Green	Austin Powers in Goldmember
Seth MacFarlane	Ted
Seth Rogen	Knocked Up
Seth Rogen	Horton Hears a Who!
Seth Rogen	Monsters vs Aliens
Shani Wallis	Oliver!
Shannon Elizabeth	American Pie 2
Shelley Winters	Place in the Sun, A
Shelley Winters	Double Life, A
Shelley Winters	Diary of Anne Frank, The
Shelley Winters	Patch of Blue, A
Sherri Shepherd	Precious: Based on the Novel Push by Sapphire
Shia LaBeouf	Transformers
Shia LaBeouf	Transformers: Revenge of the Fallen
Shia LaBeouf	Transformers: Dark of the Moon
Shia LaBeouf	Indiana Jones and the Kingdom of the Crystal Skull
Shirley Booth	Come Back, Little Sheba
Shirley Jones	Elmer Gantry
Shirley Knight	Paul Blart: Mall Cop
Shirley Knight	Sweet Bird of Youth
Shirley MacLaine	Apartment, The
Shirley MacLaine	Being There
Shirley MacLaine	Terms of Endearment
Sidney Blackmer	Rosemarys Baby
Sidney Poitier	Patch of Blue, A
Sidney Poitier	In the Heat of the Night
Sidney Poitier	Guess Whos Coming to Dinner
Sidney Poitier	Lilies of the Field
Signe Hasso	Double Life, A
Sigourney Weaver	Avatar
Sigourney Weaver	Ghostbusters
Simon Callow	Amadeus
Simon McBurney	The Last King of Scotland
Simon Oakland	I Want to Live!
Simon Pegg	Mission: Impossible - Ghost Protocol
Simone Signoret	Room at the Top
Sissy Spacek	Affliction
Sissy Spacek	Coal Miners Daughter
Skandar Keynes	The Chronicles of Narnia: The Lion, the Witch and the Wardrobe
Skandar Keynes	The Chronicles of Narnia: Prince Caspian
Skeet Ulrich	As Good As It Gets
Sonia Braga	Kiss of the Spider Woman
Sonia Todd	Shine
Sophia Loren	Ciociara, La
Sotiris Moustakas	Alexis Zorbas
Spencer Tracy	Judgment at Nuremberg
Spencer Tracy	Captains Courageous
Spencer Tracy	Guess Whos Coming to Dinner
Spencer Tracy	Boys Town
Stanley Holloway	My Fair Lady
Stanley Lawrence	Ghost
Stanley Ridges	Sergeant York
Stanley Tucci	The Hunger Games
Stellan Skarsgard	Mamma Mia!
Stellan Skarsgard	Good Will Hunting
Stellan Skarsgard	Thor
Stephen Baldwin	Usual Suspects, The
Stephen Boyd	Ben-Hur
Stephen D. Newman	Sophies Choice
Stephen Dillane	Hours, The
Stephen Lang	Avatar
Stephen McNally	Johnny Belinda
Stephen Young	Patton
Sterling Holloway	Jungle Book, The
Steve Buscemi	Monsters, Inc.
Steve Buscemi	Fargo
Steve Carell	Over the Hedge
Steve Carell	Horton Hears a Who!
Steve Carell	Despicable Me
Steve Guttenberg	Three Men and a Baby
Steve Harris	Minority Report
Steve Martin	Cheaper by the Dozen
Steve Martin	Bringing Down the House
Steve ODonnell	Shakespeare in Love
Steven Berkoff	Rambo: First Blood Part II
Steven Weber	Leaving Las Vegas
Stockard Channing	Grease
Stuart Buchanan	Snow White and the Seven Dwarfs
Stuart Pankin	Fatal Attraction
Stuart Wilson	Lethal Weapon 3
Stubby Kaye	Who Framed Roger Rabbit
Susan Brown	The Iron Lady
Susan Hayward	I Want to Live!
Susan Sarandon	Rocky Horror Picture Show, The
Susan Sarandon	Dead Man Walking
Susannah York	Tom Jones
Susannah York	They Shoot Horses, Dont They?
Susanne Lothar	The Reader
Sydney Pollack	Michael Clayton
Sylvester Stallone	Rambo: First Blood Part II
Sylvester Stallone	Rocky
Sylvia Miles	Midnight Cowboy
Sylvia Syms	The Queen
Sylvie Testud	Mome, La
Talia Shire	Rocky
Tamara Tunie	Wall Street
Tanveer K. Atwal	Matrix Revolutions, The
Taraji P. Henson	The Karate Kid
Tatum ONeal	Paper Moon
Taylor Lautner	The Twilight Saga: Breaking Dawn - Part 1
Taylor Lautner	The Twilight Saga: Eclipse
Taylor Momsen	How the Grinch Stole Christmas
Taylor Simpson	Monsters Ball
Taylor Swift	The Lorax
Tea Leoni	Jurassic Park III
Tea Leoni	Deep Impact
Ted Danson	Three Men and a Baby
Ted Levine	Silence of the Lambs, The
Teresa Wright	Mrs. Miniver
Teresa Wright	Best Years of Our Lives, The
Teri Garr	Tootsie
Teri Polo	Meet the Parents
Terrence Howard	Iron Man
Terry Kilburn	Goodbye, Mr. Chips
Terry Kinney	Firm, The
Terry Moore	Come Back, Little Sheba
Terry Saunders	King and I, The
Tess Harper	Tender Mercies
Thandie Newton	Mission: Impossible II
Thandie Newton	The Pursuit of Happyness
Thandie Newton	2012
Theodore Bikel	I Want to Live!
Theodore Bikel	African Queen, The
Thomas F. Wilson	Back to the Future
Thomas Haden Church	Spider-Man 3
Thomas Ian Nicholas	American Pie 2
Thomas Kretschmann	Pianist, The
Thomas Kretschmann	King Kong
Thomas Mitchell	High Noon
Thomas Mitchell	Stagecoach
Thomas Mitchell	Gone with the Wind
Thomas Wilson Brown	Honey, I Shrunk the Kids
Thora Birch	American Beauty
Tia Carrere	True Lies
Tia Carrere	Lilo & Stitch
Tilda Swinton	The Chronicles of Narnia: The Lion, the Witch and the Wardrobe
Tilda Swinton	Adaptation.
Tilda Swinton	Michael Clayton
Tilly Losch	Good Earth, The
Tim Allen	Santa Clause, The
Tim Allen	Wild Hogs
Tim Allen	Toy Story 3
Tim Allen	Toy Story 2
Tim Allen	Santa Clause 2, The
Tim Allen	Toy Story
Tim Curry	Rocky Horror Picture Show, The
Tim Holt	Treasure of the Sierra Madre, The
Tim Matheson	Animal House
Tim McGraw	The Blind Side
Tim Robbins	War of the Worlds
Tim Robbins	Mystic River
Tim Roth	Planet of the Apes
Timothy Bottoms	Last Picture Show, The
Timothy Bottoms	Paper Chase, The
Timothy Hutton	Ordinary People
Timothy Spall	Harry Potter and the Goblet of Fire
Tobey Maguire	Spider-Man 3
Tobey Maguire	Spider-Man
Tobey Maguire	Spider-Man 2
Tobey Maguire	Cider House Rules, The
Toby Stephens	Die Another Day
Tom Arnold	True Lies
Tom Berenger	Training Day
Tom Berenger	Platoon
Tom Bower	Crazy Heart
Tom Bower	Pollock
Tom Cruise	Mission: Impossible
Tom Cruise	Few Good Men, A
Tom Cruise	War of the Worlds
Tom Cruise	Color of Money, The
Tom Cruise	Mission: Impossible - Ghost Protocol
Tom Cruise	Born on the Fourth of July
Tom Cruise	Mission: Impossible II
Tom Cruise	Mission: Impossible III
Tom Cruise	Jerry Maguire
Tom Cruise	Top Gun
Tom Cruise	Firm, The
Tom Cruise	Rain Man
Tom Cruise	Minority Report
Tom Felton	Rise of the Planet of the Apes
Tom Hanks	Toy Story 3
Tom Hanks	Catch Me If You Can
Tom Hanks	Toy Story 2
Tom Hanks	Green Mile, The
Tom Hanks	Saving Private Ryan
Tom Hanks	The Da Vinci Code
Tom Hanks	Toy Story
Tom Hanks	Forrest Gump
Tom Hanks	The Polar Express
Tom Hanks	Philadelphia
Tom Hanks	Apollo 13
Tom Hardy	The Dark Knight Rises
Tom Hardy	Inception
Tom Hiddleston	Thor
Tom Hulce	Amadeus
Tom Hulce	Animal House
Tom Selleck	Three Men and a Baby
Tom Sizemore	Saving Private Ryan
Tom Skerritt	Top Gun
Tom Welling	Cheaper by the Dozen
Tom Wilkinson	Shakespeare in Love
Tom Wilkinson	Michael Clayton
Tom Wilkinson	Rush Hour
Tomas Milian	Traffic
Tommy Lee Jones	Batman Forever
Tommy Lee Jones	Fugitive, The
Tommy Lee Jones	Men in Black
Tommy Lee Jones	Captain America: The First Avenger
Tommy Lee Jones	Coal Miners Daughter
Tommy Lee Jones	Men in Black 3
Tommy Lee Jones	Blue Sky
Tommy Lee Jones	No Country for Old Men
Tommy Lee Jones	Men in Black II
Toni Collette	Little Miss Sunshine
Toni Collette	Sixth Sense, The
Tony Goldwyn	Tarzan
Tony Goldwyn	Ghost
Tony Lo Bianco	French Connection, The
Tony Roberts	Annie Hall
Tony Sirico	Bullets Over Broadway
Topher Grace	Spider-Man 3
Trevor Howard	Ryans Daughter
Trevor Howard	Gandhi
Trevor Morgan	Jurassic Park III
Tyrese Gibson	Transformers
Tyrese Gibson	Fast Five
Tyrese Gibson	Transformers: Revenge of the Fallen
Tyrese Gibson	Transformers: Dark of the Moon
Tyrone Power	Razors Edge, The
Tyrone Power	In Old Chicago
Tzi Ma	Rush Hour
Una OConnor	Cavalcade
Uta Hagen	Reversal of Fortune
Val Kilmer	Top Gun
Val Kilmer	Batman Forever
Valente Rodriguez	Erin Brockovich
Valentina Cortese	Barefoot Contessa, The
Valeria Golino	Rain Man
Valerie Planche	Brokeback Mountain
Van Heflin	Johnny Eager
Vanessa Brown	Heiress, The
Vanessa Redgrave	Deep Impact
Vanessa Redgrave	Howards End
Vanessa Redgrave	Julia
Velena Papovic	Cast Away
Verna Bloom	Animal House
Victor Banerjee	Passage to India, A
Victor Jory	Miracle Worker, The
Victor McLaglen	Quiet Man, The
Victor McLaglen	Informer, The
Victor Varconi	Divine Lady, The
Victor Wong	Last Emperor, The
Viggo Mortensen	Lord of the Rings: The Two Towers, The
Vin Diesel	XXX
Vin Diesel	Fast & Furious
Vin Diesel	Fast Five
Vin Diesel	Fast and the Furious, The
Vince Vaughn	Mr. & Mrs. Smith
Vince Vaughn	Lost World: Jurassic Park, The
Vince Vaughn	Wedding Crashers
Vincent Cassel	Black Swan
Vincent Cassel	Shrek
Vincent DOnofrio	Men in Black
Vincent Gardenia	Moonstruck
Vincent Price	Song of Bernadette, The
Vincent Regan	300
Ving Rhames	Mission: Impossible III
Ving Rhames	Mission: Impossible II
Viola Davis	The Help
Virginia Grey	Rose Tattoo, The
Virginia Mayo	Best Years of Our Lives, The
Virginia Vincent	I Want to Live!
Vivien Leigh	Streetcar Named Desire, A
Vivien Leigh	Gone with the Wind
Vladimir Sokoloff	For Whom the Bell Tolls
Wallace Beery	Champ, The
Wallace Beery	Min and Bill
Wallace Beery	Grand Hotel
Wallace Ford	Informer, The
Wallace Ford	Patch of Blue, A
Wallace Shawn	Toy Story
Walter Brennan	Kentucky
Walter Brennan	Westerner, The
Walter Brennan	Sergeant York
Walter Brennan	Come and Get It
Walter Connolly	Good Earth, The
Walter Connolly	It Happened One Night
Walter Huston	Yankee Doodle Dandy
Walter Huston	Treasure of the Sierra Madre, The
Walter Matthau	Fortune Cookie, The
Walter Matthau	California Suite
Walter Matthau	Sunshine Boys, The
Walter Matthau	Cactus Flower
Walter Pidgeon	How Green Was My Valley
Walter Pidgeon	Funny Girl
Walter Pidgeon	Bad and the Beautiful, The
Walter Pidgeon	Mrs. Miniver
Wanda Sykes	Over the Hedge
Ward Bond	Quiet Man, The
Warner Baxter	In Old Arizona
Warren Beatty	Reds
Warren Beatty	Shampoo
Warren Beatty	Bonnie and Clyde
Warren Oates	In the Heat of the Night
Wendy Crewson	Air Force One
Wendy Crewson	Santa Clause, The
Wendy Hiller	Separate Tables
Wendy Hiller	Man for All Seasons, A
Wendy Makkena	Sister Act
Wenwen Han	The Karate Kid
Wes Bentley	The Hunger Games
Wes Bentley	American Beauty
Wesley Addy	Network
Wesley Lau	I Want to Live!
Whit Bissell	Hud
Whoopi Goldberg	Sister Act
Whoopi Goldberg	Ghost
Wilford Brimley	Cocoon
Wilford Brimley	Tender Mercies
Wilfrid Hyde-White	My Fair Lady
Will Arnett	Horton Hears a Who!
Will Arnett	Monsters vs Aliens
Will Arnett	Despicable Me
Will Ferrell	Elf
Will i Am	X-Men Origins: Wolverine
Will Patton	Armageddon
Will Smith	Hitch
Will Smith	Men in Black II
Will Smith	I Am Legend
Will Smith	I, Robot
Will Smith	Hancock
Will Smith	Men in Black
Will Smith	Bad Boys II
Will Smith	Shark Tale
Will Smith	Men in Black 3
Will Smith	The Pursuit of Happyness
Willard Robertson	Skippy
Willem Dafoe	Platoon
Willem Dafoe	Finding Nemo
Willem Dafoe	Affliction
Willem Dafoe	Spider-Man
Willem Dafoe	English Patient, The
William Boyd	Two Arabian Knights
William Collier Jr.	Cimarron
William Daniels	Thousand Clowns, A
William Daniels	Graduate, The
William Eythe	Song of Bernadette, The
William Fichtner	Perfect Storm, The
William H. Macy	Wild Hogs
William H. Macy	Jurassic Park III
William H. Macy	Fargo
William Hickey	Prizzis Honor
William Holden	Stalag 17
William Holden	Network
William Holden	Born Yesterday
William Holden	Bridge on the River Kwai, The
William Holden	Country Girl, The
William Hurt	Kiss of the Spider Woman
William Hurt	Accidental Tourist, The
William Hurt	Children of a Lesser God
William Janney	Coquette
William Moseley	The Chronicles of Narnia: Prince Caspian
William Moseley	The Chronicles of Narnia: The Lion, the Witch and the Wardrobe
William Powell	Mister Roberts
William Powell	Great Ziegfeld, The
William Powell	Last Command, The
William Prince	Cyrano de Bergerac
William Redfield	One Flew Over the Cuckoos Nest
William Shatner	Over the Hedge
Willow Shields	The Hunger Games
Willow Smith	I Am Legend
Winona Ryder	Black Swan
Winona Ryder	Girl, Interrupted
Woody Allen	Annie Hall
Woody Harrelson	No Country for Old Men
Xavier Samuel	The Twilight Saga: Eclipse
Yeardley Smith	The Simpsons Movie
Yul Brynner	Anastasia
Yul Brynner	King and I, The
Yvan Attal	Rush Hour 3
Zac Efron	The Lorax
Zach Braff	Chicken Little
Zach Galifianakis	The Hangover
Zach Galifianakis	The Hangover Part II
Zach Galligan	Gremlins
Zachary Levi	Alvin and the Chipmunks: The Squeakquel
Zachary Levi	Tangled
Zachary Quinto	Star Trek
Zachary Scott	Mildred Pierce
Ziyi Zhang	Rush Hour 2
Zoe Saldana	Avatar