55.71288775076823,-15.330400219025478,98.41865341039642,81.40874211135474
-16.817670885962457,-35.8253376259363,-1.1308507964207024,-45.39010284175845
86.69217481767879,37.90403039595475,20.01110147281264,15.734530274796384
9.172976285870675,-17.170690852396774,-53.86130940305861,42.411760462816744
87.06053722671425,34.258700689227794,-99.8347387002803,13.638370392146783
60.837755594056034,68.68799021820746,85.14882430543219,3.629987055856816
34.5851042571083,6.507338178886243,92.29008484637217,59.20249036943284
-89.42157164004053,1.3385863879054227,34.00823483198303,-99.80501326106955
-0.10282507679420405,-31.377299060931136,-27.644017753564356,-31.69506454073229
-47.02509970864298,-57.120488031237045,67.0191277229934,-75.14202811603079
-1.2516075474150057,-49.33936883880446,40.07548953825335,-1.22883864698548
53.09621870409609,60.59696673182418,10.450546084059624,53.268856095794376
-45.95416238303028,-64.85280592180652,-30.528563866972036,51.26468438580878
-86.96825890099998,9.835058874253662,-95.82641266190137,93.44384061658803
60.16890855417654,-72.49529811283105,65.55222823645971,52.18582904716254
25.35839268140927,69.44181074161583,72.5595354987932,57.61246787832596
-96.5884794968629,68.85025859698135,98.40157755811799,57.06719562623499
89.10847292923734,10.913920303521934,-69.61431241553277,-4.38899956133281
21.18919353705178,41.60412118195842,-76.19911055100644,63.12613294921334
75.5237522405613,-14.64509132706769,14.510179357103311,91.01582799580757
-31.815266910559842,-11.290156266478618,78.20103417912082,-55.6579367137719
-14.43201470757407,-82.16655931069502,35.10334710847678,-87.94868129666011
33.61255661122556,-35.399958410592205,-39.07448207033815,-77.78493454631922
-77.85440074072758,-1.1642265705395403,57.99344953414942,71.12253218299509
-79.19459115993601,-13.266374683773677,7.729734955439255,5.370367243551186
54.367625040360736,-46.13150981071493,-98.14744695591568,11.309532479672612
-72.29620803916944,-85.13386625041352,64.45820563950042,-51.790853599714524
-11.045224855265076,-68.6937407668407,81.40307103145756,-0.6946839264292635
-71.10910417051608,38.886379514971,20.783100960255638,-51.28583279835826
68.21095520578729,-55.3687214285801,55.41043254980053,-25.594673445346245
-50.105041345310354,33.685524719154955,-60.528647815256335,-68.97341825150045
-85.27294951841876,99.09144980624,-77.7906931380632,85.561556735811
-79.54145457999263,-13.75166168437545,31.614176241550297,-97.60036101650704
-91.01093459523219,-79.86701545824039,-65.8681268346972,-19.650191311774847
91.33792260211698,75.26537648429263,-75.56824336828271,-97.22119544623445
-75.25814157171786,98.00719860046974,-31.750445727374995,37.64203387887892
57.672845524786965,-33.309857222369885,94.80743527909198,64.50576165451929
-38.661253313519296,-61.211710316592416,10.938894774111986,-67.28906771169753
72.12649363495831,91.72241003537721,-65.16546378348878,97.04766321482566
86.59567382841169,-53.71111347113958,-14.990786046777885,6.04895238105928
94.35291492525948,-29.178184650124763,-19.140614712081458,44.34954730069671
44.90328335581489,85.30059967082491,98.88614002511781,6.5659669931068265
19.301980680458882,10.76151931145614,17.4099190079491,91.06265516055083
67.81431319954595,35.42835210530609,-28.591316837198974,35.62593371905831
-0.22885003012021343,25.33385464419615,35.65802665687164,42.288892844636734
-99.40293742412737,-70.01005580504881,52.64519992630619,11.367840566978998
2.4912800725798547,-12.270404588544693,36.798063972287025,-34.19613996662861
11.84615683190981,-77.76803039158207,-80.38740467091225,86.07490032578465
-15.997034410591596,-63.44429187985466,99.03911886645204,5.001602025770865
16.434436807022905,77.32329099843469,-77.62097359113756,-2.76490953171799
41.996691788271505,23.79905682271766,-25.166630037581797,42.237429053123606
46.07427603452885,-24.223180020965458,93.39254180142285,-29.59722718694536
-29.40285939321427,42.54528574140767,-2.6080489971209317,-99.81320311866355
32.76698739946397,31.27639933021021,-20.83794306361915,98.45408166159297
3.2295743151229885,16.33665327989536,-9.00572021011368,-66.54986176064833
-26.918548625371727,56.35308149535956,37.81018990068259,-47.29425438695344
90.36985892619481,56.255424688798314,38.63396694313337,-69.9528573241817
24.398288646347567,37.62415964618265,89.9380809515111,0.9425039255011711
-78.01332099258937,-11.923676869999042,60.09764163248741,94.3939295612044
-80.67133327379716,-79.50022616411951,60.33091044859589,-90.16829691781419
54.478176178051626,-36.95326608480525,75.31080699939093,-61.873487270426125
62.89006991443148,-5.727659835102088,34.81373756799161,-50.80737291618962
21.897177940495737,67.74306968764108,14.004500128933444,21.984923312565
74.00323961629931,23.399628319551653,-76.52860030322924,-65.01003838005332
-36.91607086489819,-48.24241844363857,-74.45118864668405,38.77554743480755
81.5005754622922,57.22535066395784,20.413364328682064,31.743456891227083
56.77053139452647,-26.354248799026948,-92.5037279886264,-46.958393486290674
76.92922416686702,61.75940810965824,-50.524578667894644,-33.05238715270423
2.1674469666311893,-24.237938966461854,-34.12355902122488,-61.86871471815772
-65.50239999535466,-15.810210875902612,-83.4395638239578,0.7370780095224063
7.050689778277899,99.3993273636072,-45.86478919841346,-19.729587279630834
-13.475781602599284,-80.89399362096813,81.19633081077734,-69.66728987037521
31.55585661811807,60.97738849871644,83.31972377238543,-36.094466264048265
-83.48513819842034,76.59406963165935,-13.890118303817644,25.956121101471126
-59.24855119879834,47.871375715278646,98.4747085749953,55.476348582049525
8.079213688739799,17.374237434926215,-40.64322912992748,-51.989787971450596
-51.297765414235755,-83.27942337411275,-5.2129533953950045,-25.016656279877566
-60.83168338881762,-65.69471295425035,67.09710807878025,1.3005017066602704
-22.89377967750221,-94.84765451876717,75.28868005092875,65.63885810613431
95.66184681816515,12.536195801565441,51.99101144466897,-74.52252181007896
66.12531608780154,-53.0248837094891,-11.342321355917079,-96.61234969343772
-79.60326522904003,-97.31951870987308,-4.438356466582832,-11.041288659314773
-39.116644415086796,-13.764944669839338,-44.07324789021695,-84.90687625263237
-16.352250492542623,-18.89018081850304,-84.58251069139365,-55.059983631216056
-87.82813965648538,94.17508323972515,-75.92196562960996,11.158550276104336
93.45673139650853,-34.683725402520054,-52.27941960331867,87.09903347558571
-46.487341848912195,3.166042487239963,-12.630698323349122,54.99755627937395
92.11737743963346,87.45194985277078,-39.68973934182799,85.63114444976367
85.84966045894839,-45.32668200080079,-24.204251331042315,56.42588977599513
14.340688505388925,-57.58420971368133,-71.94738733114357,-31.786400950029076
-2.746386980856812,-34.31456794609812,-26.478740538143256,-12.080948797441806
-11.42146321830262,36.404516254653686,20.82815833684043,-50.97933095780073
85.13237813569634,77.14412618080883,-82.9673924872086,20.21912450921576
35.92395069692304,51.288858779863006,63.02152353469069,-91.97330206064137
-24.289062765197855,92.95717945462849,-52.098735839957385,-78.13172954680078
-20.037308441665914,73.59384255815837,24.403423897548578,-55.7381576268852
91.47208860385916,9.727939138737327,48.02083285931195,16.593787778123215
-97.58129034651674,-11.804698774016288,-64.10490689966491,-63.55908075936938
54.186444528691595,99.39330980633866,87.7495561992551,-93.35894853116912
34.883707904861865,37.50427526003779,-62.7542920248917,-5.46849531259204
63.613883164849085,78.39032716817206,-24.21365473159949,66.19132832205992
17.262358671516154,-99.99754937993393,49.46267187732536,-78.49327267509364
56.14310095790103,50.93455950162166,87.19906652282066,55.37062836708043
-8.179200371442107,99.7940206820951,29.435156834192867,-29.209976966711338
89.08259174704551,-12.12758033168376,94.95221742525598,-30.82079904312576
-71.8124488574204,-98.00791142528422,36.455358872241845,-55.344798803561616
78.90859164187043,-47.907494944886025,-95.74926400695495,80.93769724649593
34.75090227696694,74.41171202771073,96.32879401642992,-61.670591063129365
-33.958971337987066,13.148258855918982,2.909889906312287,98.19651169812971
89.96567569327351,90.72990767082052,-74.10784090036441,-34.43811764466261
-27.739292668846645,17.408749465380026,23.893443638342717,2.063416185484243
27.02468129304509,-44.766774735752335,-62.013595710516256,14.702121011615759
-84.18746410962635,41.35342584691341,88.380905417051,95.6164705154751
-20.74425589780253,5.902302238817754,34.707090487390644,-94.5751742737884
40.058663657168665,49.45753639025236,80.74187016322679,-99.06757370519318
63.92234719505046,22.078723513762554,81.4855525641176,59.06181621495733
1.33824388864997,-31.07429160053374,84.8740943087895,-76.85154195293512
94.09209834221798,-82.98878856935943,-92.26814918186957,18.805825768437614
7.630760849576006,-80.59805932041559,-37.227436391237916,87.79115670393588
98.66760092338393,-59.89992954448152,-81.84135994679485,-20.569197323727565
30.81756270239896,-24.5298526398974,78.88537458873316,-4.086445080810336
47.87670530457655,58.446352080788586,5.962659219690352,-54.48336636110227
-21.994907254131874,49.04446253311903,21.985982739946337,47.08273104783467
82.11228572819829,-5.8620789656239936,59.9189620206169,-29.596790470399696
-11.143316152165312,36.34878486728246,-13.935076868727663,2.4061704926506877
47.821602300493566,-53.59087760986844,-95.276843020923,56.98324558952197
-21.98795997187966,43.85247341450122,-49.21992211775407,10.329858832512002
95.52022388944715,-36.50802937208505,-85.70335116145395,68.06658248634722
11.57800127107646,-77.08816258556516,50.11969426102945,-30.733090334760504
-18.841715671251904,8.61943176207052,-30.860336748998975,-81.16585901868297
85.62118003844881,-47.28699494840805,-80.15199323759398,-32.12232696907881
38.887962058067785,85.38570704708388,-97.79908385804708,38.47310608923647
43.63438384513046,-11.862018880830817,-50.46474369193743,-27.252716028280247
18.696581377122072,-42.71991025695155,-62.538418746881945,-26.74334099054647
38.42763366484081,49.50509222528143,86.31935665601043,83.72779041415612
19.98801810328723,-30.97314779234034,-53.65639162674859,80.65101411171565
-53.008599328254576,12.32117906334338,16.847835741133622,97.57050639637089
-41.68226793751427,-45.530360872517406,-50.77172618620946,-14.630728025026201
-90.42733804400501,32.80674849886452,92.53697938650612,-12.649777943656431
46.561083542718166,-20.648812353537664,0.6879326133931727,86.79800051209037
-95.35664176340094,20.942148250093794,-96.63265082280245,12.465362740773116
-42.89479584441051,-22.638243077623144,89.12659171031243,-34.91377657442689
-35.78234889970264,-88.84672725985189,20.722621587328433,40.21422566481823
-71.87854988980499,-80.37655575543829,77.63856283887804,58.488097050976705
63.28785887062264,52.639626342792724,-95.30507551108403,-74.95486141506547
-82.37382470988348,-82.93480718644531,40.81342945776038,11.57113998394334
63.20382954892352,48.98557797899866,16.090928379567856,94.53542803287587
83.91149457396597,87.98882898754857,34.601716814923805,77.81618510955457
-71.09835917239096,-79.08991363910806,-84.07585701177874,92.03781602682778
93.66511693428004,-62.75550812659958,-29.536436023248598,7.370382765667387
72.24153869415767,97.51999407408277,42.53526503039279,54.949409156304114
-87.07821272553483,-93.44123098986722,49.86173114484842,-23.723626313208513
30.048500136810105,-30.342133536930078,50.134171288253185,-45.634259364712136
-11.03281766872442,-82.94889686140459,89.83421385915904,11.639774882818017
-39.111837797527585,1.0331898924306415,-87.78954424291632,-41.74045919865665
30.057323463444618,-10.574670418133167,70.560334958726,54.742938539311524
-55.343460497002724,-12.121269462099008,-24.68415366942611,-26.8640851001922
31.612070306880184,-6.266214485331716,-10.590569890263282,-81.0995431066483
-96.50447029461907,31.287826205336103,-97.55001249207723,40.440667283110145
-86.77891074038212,-69.87795685851901,62.04207838506869,-11.217193437745266
-76.91266203939716,75.17423125599043,-77.24698853770465,28.101666100168757
-66.68425102927284,53.4840628855315,93.47848601354895,-62.17288053120785
-11.423678303883094,-49.777213468397264,-54.32440472409036,68.35176498962272
98.15722647732144,-26.359598990546544,-96.85541415740414,79.18915904013517
-74.0273170058503,57.561341843973764,-66.94083943684893,-37.998580391836015
-41.441310269390385,-49.03382127853541,22.65564125785653,93.81279374598529
2.844257992899088,31.860121061421978,-24.599466614412393,41.344507192112474
51.58560648336896,-18.033389486071428,99.19611658583818,6.034283233111921
24.143436658054668,-82.12526127550231,-18.473530638607883,-9.631356983683474
-64.25392411939163,-81.45709477688789,83.87887734183283,-50.11165189451168
-57.541430459235215,33.11738568786069,-28.454313465956147,85.26346460845917
-68.89649501500705,72.10758013936311,76.8807009606112,-88.0013785934311
82.55895238033986,98.31687549000088,74.89455166995606,18.3075441166161
-19.39068802448702,81.35487224126774,-46.40153622268977,-36.99348475895391
-99.47250898072468,-34.17672368000933,85.0166735101314,-73.46534311111935
85.38883935108868,-39.496551336381856,67.25742732116998,-21.852649793089256
62.64510075607416,3.9349293987173155,-16.636315244593106,37.59891394122059
-14.890095515858889,-77.84967030238067,-30.60153953781696,43.2086563124663
-57.564926687275545,4.341632490641075,11.84752018364577,-74.97339160245113
6.849577123057088,-32.12226947911091,3.3366032730702386,5.736152559604079
95.74367811374265,2.73535748124732,-79.61352472265136,-57.045267918133334
94.58374813606463,-60.77246900047882,-44.56266581224361,-57.32730800161448
-93.86538502735294,-37.34260675663188,-79.4979030735457,10.425179594884355
5.203211283295218,82.63476084877499,4.029366807846998,2.4950206377842505
-49.93068058211949,-45.67059577955891,-14.553911027059712,-49.93861952702039
-64.21740265348723,-93.55543627644423,56.861988418374835,-59.81269171795418
75.70534715965334,-60.25587935336745,44.330495934309056,-20.567940362800186
26.4800450137555,25.375512688865058,-62.58185375696522,37.8442266255376
-7.000193739450083,23.07684787515285,26.69266510523164,-6.979551015195966
89.7945544055193,-54.05521992914916,-21.373315388664707,13.888433188708746
-90.94779459119536,82.30778046726613,55.121813148391425,84.973380448167
-64.5669512607077,24.80023845354799,-30.690944733028743,-40.32747502986814
-73.01048645718691,11.870255940153129,58.71147738531022,18.394808568168912
12.066203091528223,49.4850505745988,59.51043939978848,46.832132797110944
-35.106861158218976,-28.700478813038387,91.39330132673973,-13.13349633931324
-93.95874556956846,3.577607035957101,85.86977596249778,9.773575717569997
57.92072250913333,-95.39469804919847,-53.14657720217673,57.547713632868124
-30.885561823622083,76.80674263794111,-7.325627386764609,23.397645770152394
52.46971771651397,-41.07875056093809,-94.49952408481553,35.494451209903104
51.49026586280428,-43.76719053754482,23.98790183605371,15.319675823131604
-28.98159109055399,-53.456552155998594,36.14234614717486,-60.829554898548906
78.4208517253669,35.68906515914489,-59.31128919032051,-34.170564122349276
92.52549706944546,-46.013607560057324,-12.934492982265908,94.78496093897832
38.781379938300745,82.19477754026389,-45.11226683229967,58.79275422819978
27.773752146234813,-50.546388996610915,58.855582182551245,-1.0391407290492225
-24.712824957724308,-84.78383176876812,-24.653953866176664,-49.31668178910621
-37.70656169917129,-16.545838229937374,67.2745846912481,11.5844637433039
79.12785884458867,-55.10876343382688,9.748599297613566,-16.471709374403417
-95.02310273030733,-15.310091670799238,41.44527140119436,-81.96136603443861
43.18081737532492,-17.75139491375961,21.02232052540012,-53.693440641406994
29.918805982188985,-58.266620746596544,57.33177209824629,37.14120443281911
-9.078785685986873,14.890188789372132,42.57476146658729,46.943794857219814
96.61878617629947,60.38020193018201,-24.965499106498612,-17.843772479836105
59.83747381495067,93.88445873707678,76.54409034163302,64.11127649559927
6.823046101294096,-59.81965734652209,35.69794102073445,60.39772339319296
68.33502099075787,-38.36528063156669,36.86743850171467,55.589411105468855
-45.06736929833352,-59.2367482299812,81.35453630940049,63.138677238408036
-43.13495988381078,98.53429497243377,-84.83536412869381,91.26282307193787
-16.314233970757414,-15.086361949029595,13.78341960318653,-75.51721245594047
-5.792348780313887,27.7390251446065,99.19511069377705,39.857190094094165
11.289443379004922,-39.6932876551146,69.39195597289392,-34.625446369293684
90.51006293133355,-97.10930246318216,-41.9628501703981,83.45724527791407
-20.238259509598834,72.25704280558688,-49.72017236941414,65.95174126355062
17.56169715794988,13.926936960547891,-8.42256854725099,58.01100795514469
70.93262638081012,-18.914226573789506,40.33993327517635,2.1488724023047894
-12.777204666343493,-37.59132550838342,40.188856198052235,-1.6116387832315695
83.05662882424178,-82.33642805529166,-80.73323911367726,75.81699257015316
-43.196368451465275,3.181327665450567,-35.74745555191595,-99.32528173750939
63.251208371567486,-57.6652207670964,79.64625668286118,-97.95153945395109
-70.68275617222054,-56.13770366425888,81.53673714316534,54.46450515663918
44.40797746062344,78.89008858952917,38.89396271662463,1.0271612889800963
-91.67818617020492,35.019722903963554,99.8860516426493,-16.926441661867273
12.783902889343778,-96.15981331433105,83.45719332144188,-16.876484730994036
46.092262569922525,0.5621561815501082,-38.26272609791317,-67.66008717602082
-27.728576479375306,-92.62225697221297,26.660239072780655,80.22123507950585
18.390961796321676,10.2258880245613,13.174254768978756,3.1550767530946473
-43.82033190841622,-96.5762739116054,25.861968903085483,33.51640287461845
9.240802577179352,2.9544023508690884,86.09214824635336,-59.041933102912225
38.73339327401084,-82.96680622683593,-63.02956180005302,94.14472452863657
-64.64807601543598,-79.28612566620257,-44.642072572953225,70.54843975444749
-40.17914744207184,67.72150582614904,-55.34989156138454,59.074622673137185
85.97340173786114,69.65164052914622,-56.028002471095874,-92.92399921338671
-18.25511663558109,57.51788752671058,63.403826655860996,59.920223256558245
-36.849472006924145,45.25476853662161,-55.78092656607549,-88.08532875548912
-88.4363744942315,12.152885176661641,-82.30043625325627,25.332812324030954
-86.99485335757623,61.29798354538241,88.37531408706428,-16.308463438182855
-30.40987468367905,-12.506043005938295,-44.85745720571015,18.705379208307022
-2.653466827171769,-3.5012244775374484,-66.51978057138578,-16.27421747985312
-57.99892676767547,-17.497464500835235,-92.83866471177967,55.47096542055533
28.27416084599571,-9.142538015449361,65.73897372936875,-16.68274285953737
-1.2097540284557908,71.71099589228083,-32.79649464176629,17.24998364807152
-92.74830021644104,79.138111903984,-84.92570595909851,-31.319614287254637
-78.42854619527105,45.34938589665984,-27.021093239277377,-61.702027323765435
46.06317805570205,-0.3812216103157766,-96.1790394557022,31.316123862003224
39.560872528564914,19.918555536212978,55.86218540251053,-55.79022320655875
-42.7197266783939,28.96283462002083,94.06065334936449,47.740154599459174
8.077850685435578,-9.417841574393492,-89.23811563747526,-89.01310998115872
24.777206421493077,-92.1589547586295,-32.09966826872585,-92.10031873955754
73.71986896852695,-51.96374439670376,-46.1223136312872,26.355564665139468
-82.60093024235161,40.519577303442986,54.54681747018293,32.54939152770595
56.23302359028378,-35.1483825638079,85.54446936438217,82.98865325519955
-71.33463293340131,-47.97426753682225,50.36105105656611,31.345870955507564
-79.83411567920194,-0.040294839632394996,39.43549233893509,-84.40631437925467
-63.59577795903712,-50.611820217482915,-63.17787858994507,35.59191214199069
-23.186419699865837,45.386065054089954,90.58192462025227,-85.23165538544384
81.98272781058427,95.26184701211349,88.39288783887065,-92.2750058694557
-54.52277199362615,-64.58488026516042,-29.55077153034489,-56.0372878926905
6.290667054468713,-70.52843556882152,98.61682330477686,58.08799921090673
-65.0176409086651,-52.236821671441646,-69.89214535125566,-6.056326606255652
14.452927427516443,-56.258925675073726,-33.292551193184636,-22.317315701435177
43.956508346975,31.350721862759087,26.09407871198283,68.4561699438961
-31.972623269667565,88.75280308556853,90.22036313232263,-40.45922675787085
96.2628743844873,74.02686038866779,-38.324526711431986,83.66015362939532
78.70542105395515,71.08827974215313,18.783678583477695,2.6078190307371187
-41.19089160812143,90.39288135074543,-56.534327743898814,-54.83202420339174
47.697934299425356,72.5906671651241,-8.552173505874066,-84.22413709985594
-87.25213133000659,-42.22515550557989,81.04559061737086,-92.38550477547801
48.956327118300635,94.11039865745516,2.4593188740813616,18.686124558674692
45.00528296768914,-58.40091318411868,-96.71403476783902,61.24306552764557
-27.17228168753047,51.45375232683534,-52.528051105679424,88.14780759271173
42.78942295928118,67.271336299486,-16.53728046734011,-90.05382041966038
65.61308155975303,86.93978079463511,-84.06999378667743,35.79108841726304
-62.32744080025671,-22.37474982495786,37.21339306033758,-12.912742535879147
32.17271342738803,-33.18278071097126,-39.990287354934196,64.56607780714751
8.84999950094982,-19.235836953671992,57.884399342932795,-36.50448621647769
-2.743896028411257,-12.787810960173204,13.376270566437654,69.70872990014738
49.331282315316344,-33.42018741705675,46.78143338592645,39.527251848736285
96.7990829015647,50.85892396678793,-41.90323182888653,69.91998219228685
74.01404650748992,75.54759722449467,81.47882651605568,31.398463029803224
-41.47335421211278,91.52385534678211,63.296715403152405,5.8188298385484245
-98.80551000737165,91.64539966714881,33.01851386968252,0.7591256543410623
44.60115128970716,-37.114395747517904,-80.76163159315911,-42.066507014726426
40.42080410656001,10.74614486463696,-97.94228867834082,16.579525557259785
-27.521913043882535,-49.69067102271944,-51.26758203409713,23.263785193231683
7.237949750747987,-71.08191415263744,38.68473028890406,93.09465629720131
59.064996294250875,-7.477961418690597,41.8334294016052,-82.89946242391588
7.777813155629133,80.56096330028379,-30.631335332480376,-56.28327062966659
-24.885089291637485,21.84925267185372,92.47909756844996,-49.296214633960744
67.1015973447357,14.399757638532037,64.05751117533418,77.0037195713287
-95.73527821261644,-29.90616210953891,53.31508357787692,59.88241074468522
57.52315005899453,-33.03900339382619,-75.91079523956205,84.45768658767815
51.94206180643903,-7.799219039882985,-34.18336443740145,48.79307162556847
-85.41227319003127,81.03487327447266,79.32665502199046,-47.85034417237205
-48.04238105484248,-52.18921163840608,53.13333706644295,65.36532209220314
52.130828739628384,7.119886032169404,2.371275253299359,69.76448149286915
-34.372924770498514,26.422779588395542,-64.08875703798634,19.864940432953176
21.419598144030488,10.485372685458913,3.176123810706031,-65.43701100850777
11.186314950361464,-43.163065204478585,75.0732045136304,-97.14813289208183
-91.0547224006286,-41.48193569740795,77.47472753628938,2.9996807329562216
63.778804652776216,89.59223382572128,-71.97427818632715,-81.62416995575805
-55.49781006031637,67.46279617563687,-7.988444989284801,-79.68691880455589
91.91570711008148,-77.04641234657691,50.165110726439536,-76.32593915529276
-55.385882138168256,46.764184450704704,-19.121372720547186,30.74120569565474
41.15697480596583,-32.57523370568538,3.3854786402557693,7.779875889050288
41.653763416904155,-53.33008874935638,7.446203304647213,15.167121877519378
-30.92953055739531,71.0853805978681,24.485648112217007,40.890145843367236
-97.22726399110019,-21.07716898546846,99.63315028617183,76.2212776695705
-23.02170880004985,75.49163097679644,-51.38511482921615,78.35186171852581
-41.632368205960745,-64.52254821623865,-50.06481126758149,-91.08768132773406
-65.88211197284335,45.84786292503628,-47.59626903965574,-35.160768746688575
65.36243408508022,-54.907381172885124,20.8666551892548,75.80537138558026
68.74477990532034,-81.30259085408954,59.37762804678027,-26.830734813738843
52.83527522392336,-14.617292893704757,74.44754247098865,17.115620365316033
72.89577363860036,7.904870340164962,-70.17747853956001,-31.779253124403624
-77.74150113611299,-74.2561710774487,-94.63345505165844,-83.82759259651556
-7.5241251714735995,-31.536376222879596,-95.86962065221104,-32.84915170016376
57.54158314740857,31.50151878550554,44.84518173619006,80.37472286022575
-55.41486168113781,-16.288511298126878,93.57201483482129,52.60882740468895
-11.921778145013946,-84.51826322078381,68.08589479362695,31.001317534739314
37.39102140648242,-85.66762332011783,20.58282966802676,98.70947470058354
13.952519424284105,-71.60791516941316,17.943099289489112,-66.82642951917015
31.188922654759494,-76.92426260828728,-46.32558047136902,9.023898423304672
-68.67561402401381,47.039632480842215,40.221933652036114,86.55638877727694
87.98201927681737,88.46488210547182,37.643817826737006,-66.37642463760724
84.8076149991536,83.72765813227846,28.94419564350403,60.71867750242325
99.06175312058303,70.26963137403914,-45.95924359698196,-34.97444849192169
0.1103724411557323,45.81136651059785,52.48356564162009,22.824430708962836
-99.21383146334631,-89.75666966969538,-4.531965528665069,53.45046460768776
83.18271792274965,72.71707920206524,-43.72839739165488,-12.471259601131578
23.666665274292427,6.485670558395668,10.133823565021032,-43.99905427665544
94.19295367883859,42.20550546116499,-17.978391907929733,-81.64975545665078
-38.88734540940652,55.371550363197,-28.73030697303409,66.19799535714492
11.41051196244473,60.06859886968357,88.44400650205125,-68.79768011982085
75.46498404434175,-0.35515606993095616,89.63714801675991,6.207512191806757
96.4573737558539,23.761921734752775,42.29806935506406,66.82193986190435
-83.52840938553032,-79.68663296302117,6.9525424815197425,-99.02312697178698
67.5453680672739,45.09622325379763,66.38793710016427,-78.12016693043478
26.298747801160857,-16.33170920854286,-75.66989575452223,-80.94398258198231
-53.91674240692609,98.09343604226461,-49.250394596707196,-50.683049826810134
-28.808622570823673,-84.31941386466124,-74.40910962033428,46.533154960487764
-1.1280429549444762,11.391327658770422,-61.24901681269202,66.962399285223
-62.02700090650558,46.87931925499265,1.4529034594497716,-33.176239443659256
-54.04555735211477,-84.95701099866943,40.981575559465284,-51.19365327120434
-19.57015338630896,-31.829736635676454,-26.65898009261781,-87.86677394113207
8.668627990783648,-36.000697939057716,-72.9539716195739,53.688649829884355
-87.07271989013262,67.89554885231729,65.83601328594716,5.615826219494238
-86.07949572413557,62.44586478558756,29.242935755871258,4.613800904273489
-4.723268456002643,-43.73770773918227,-68.04779382894651,0.12022045867172437
67.71561755885443,-36.85178947612303,-42.549149410687164,43.817337241181406
99.61356554343962,92.42862309527698,-66.95679463019198,75.75946842508284
37.30792127477724,73.06062168421681,-95.76962554394109,-71.47453744385479
3.0261659628809525,-12.980172512858303,96.03581704554387,-55.73918885478548
3.8201675145597846,-11.539025451958537,-31.28125868338236,-76.89752938694397
-65.77284665477774,93.66752507565315,79.60157327840932,88.50045503134606
-41.69990302661097,73.6732777254548,-15.269718223922041,-73.26788632174379
-19.95552938830747,41.83068183779699,92.76619919854869,-50.634974480393055
54.00517555590511,-96.8519102649604,89.73739551476405,-61.041647467212755
1.5751785260928841,-92.59475299340053,48.200604949455055,-27.660973934420497
-47.09588581327836,8.842051282691727,67.16210477817964,15.894690146608184
3.959068454581484,-0.2385631309403493,-10.10674804068617,65.71036911215128
48.757875917890544,10.000260628730302,-42.06028512754676,25.209613338613792
38.4105769394659,33.52048136030936,-43.10894355962358,59.455055210942476
-89.31318650723924,49.97194285361877,-18.401394132069697,83.5883120872557
-79.82273714952976,73.80746245097941,-27.777653378720117,37.42142930634259
-57.44425351787723,44.64724125360334,26.202828441029283,11.24847135411585
-47.52943129426916,-72.85029705708075,49.99108615046009,-47.085735765156585
-49.77844275190523,-26.549077963614593,-89.27396325357418,7.456605385439559
-98.75050891671214,-37.29191630635091,-98.78982569378056,69.36828438567204
9.039494093424878,3.3107229650393606,5.501616111482917,23.61877192767838
-81.32196389018696,-77.05258257256844,-6.152674714627267,74.94269217988563
45.44366923381142,-24.653218797117063,-4.430334197168065,-84.07543748236924
13.525110510873333,31.62590402558976,-87.9103753822763,76.4310640476848
39.62382422295059,-69.92001895336674,80.67287919727806,99.75974447050515
-3.5896473732099707,-98.86338079317545,19.309020275333864,-16.961990076088796
9.071132369427858,87.51982056036462,-22.457719224914,31.729386627815643
-20.587412005148565,-1.74089944207617,81.7159167213934,9.738604644400596
64.66664291075318,95.07011751476517,-14.699818978551548,-59.278274707787034
-2.30328596167044,77.21110571773386,23.945521171914038,-0.9621530662992086
-19.80479224632029,-76.91820130845139,60.43250512417285,70.48041308303277
-62.47978665391628,-24.102372605074834,5.776835855465265,85.83553399813411
-95.41324223247639,-23.1678880410891,-18.693475519201,10.702050659040935
22.343882314840187,-94.09145813445261,55.103399762685285,-37.63115630107205
-56.09707440764362,-52.694195327092416,-76.61862771129444,-27.688549562555863
-43.52290730819328,-7.429189136229866,13.278982129353665,-84.59203629233377
-11.02171675799309,67.14333218298572,-32.93468034426337,-1.5129385735641563
-64.34531240506294,55.32711878302513,92.25856459348921,-98.28742233141358
78.62960303690852,51.44484870454352,-67.68654068477886,97.8005946669507
-95.6396775426779,3.3866025936071082,62.64041581508309,84.07905696161015
25.885917118300483,-11.819760171085363,76.74623848156352,-76.85452481562231
-44.992409444072564,17.513495752919482,0.6214030585303476,74.55871443710322
88.81255961022077,22.130596630353523,60.05026658460599,33.29051840863855
-67.99910584223733,39.08852536136885,-17.48305212345207,-95.90997003146518
17.173172641788426,-52.191702156090514,97.23578437063583,37.48869577142449
-29.99292014041555,44.692148707890794,56.72608090158661,67.5495543263682
-91.84477172299731,-27.96919294450231,73.2894980328058,-75.75604615887195
12.051973417240504,-17.301276479791056,-69.90181048833199,-51.285028406230026
-29.96360251234404,45.15605478462055,-54.37580529383382,-50.3311890248317
-3.8274298956213784,5.670981565667944,16.772063626070064,29.21112332762266
62.33255356985205,60.38963351675869,18.110574483921425,25.168468288422616
7.563491655385292,-75.02726341597202,-97.80448426393247,44.43249454715732
-48.83875438114637,98.11730249062668,-83.52411198707082,-39.95617391769298
-93.30692593605255,27.97678117513732,-4.872425694041908,-48.898053188582054
-93.73364353023396,93.38884957640857,-19.281632529896797,38.3279441581422
14.052402612956996,85.86423432463903,25.693066945490273,13.887995045684079
1.6120585275741064,-56.75745685194076,-69.13253720768239,39.020167623534064
38.51857776664474,-69.8117140409694,64.18172406586461,-28.465307177854072
1.834903521405522,-11.912345417127312,-97.61543592411459,13.575620540421369
30.997064769748988,-15.826998927449097,51.183091563298944,-7.893670924737762
-89.27715248312481,40.51475088799708,-65.7237009530698,35.97927289595992
40.28780139782259,65.52309308468472,50.31843113093038,-80.38139715703937
18.281997727859277,56.119606643938425,79.23384517900189,-64.86952714377088
19.808433541137617,18.875790281240825,-55.9128101340209,85.63309081149617
-65.26367522271465,35.47686041175115,40.10247799499666,-76.65755999986237
85.25355781925703,-26.44989723984429,-63.17469766891861,-29.166006304763982
-97.91103353598004,-97.53734223687425,84.60981292483376,-64.46242263961301
62.79023644828612,86.03774393661894,-76.3519434157597,3.6360624245483564
16.127866819371036,59.52007532368913,43.94659098096923,-99.1385756659445
-22.243049888601377,-24.635999953059013,29.036972818638276,-35.656009460147516
-34.20688752752113,20.271178406421882,47.70267377286507,-31.0362457597775
27.793413167612925,-52.286129577953545,-34.25585482793696,77.71456886607513
-44.42228484538319,-66.06879496396041,98.6366504589846,-51.285811058998775
-22.70840966920406,28.79121358601401,-69.07915229453866,-71.95097672094707
28.72524300862142,51.527591504059444,25.172646120088757,68.9629495266093
-49.62063820642828,4.4546788979168355,10.283837571887545,-48.47711007460666
59.800741717496635,-96.25823271782338,-2.179025065118026,74.80466634498543
-27.57897746259431,-52.068810450256734,-89.09070274049276,-97.84588085770304
94.97581112148316,72.64507207994382,-20.48942050285615,97.73367038644068
-51.60160968150768,-89.16757197177648,0.9869923668663318,39.90767516853174
7.118160187721912,6.885188537040733,-77.6305935100487,-51.71925182157878
-29.66713997763219,71.13325312231933,-21.642694758198218,-77.0797257402179
-56.19374072492809,33.34598714668391,68.09646459203009,29.19484188011222
-68.58333532622174,8.437169494333887,22.133010099004366,-75.99133941370434
-59.48224397106432,-30.797947630021554,-17.94278659260675,-44.06334255146339
40.401089926729924,-19.83846757171051,73.92511188096273,-83.95218150302918
47.237167869792415,51.033630300806294,28.201357303790132,-21.09316124181487
-25.893345019923288,-53.06055934998838,0.014460093714660616,-14.918372000447164
-98.59666425023786,38.61639300298589,-6.99124362164298,51.204991171974314
35.513486540432666,-4.390644028792224,-2.859834314961347,82.01335575384945
-81.31682194335576,38.37962647403697,-96.8211706742054,-76.0915680587276
-23.961035168074147,71.74939856991472,-97.61694671224984,-32.25317552231866
34.677478200420865,97.1228950609148,-14.93596021708845,25.239451667451362
83.3014235950414,-81.44849716461135,-55.85647173802485,-45.51842807588088
48.56446148979745,87.27267886015113,27.338781205332054,93.66267803040012
17.31414168349056,1.6978417414953242,93.05874998257485,13.770494220330306
-32.526362635875046,44.33683931103894,51.59567078952125,72.53358102161945
26.970309427326924,-86.42638889643902,51.89715699383402,-6.242341355525866
-40.22124739108233,-47.824150691012164,38.74395990123219,5.092379465857562
-61.583166679919316,57.28896433823604,67.17997242814306,25.69390906599216
-55.656700466412275,17.161454591920233,81.76976333924193,2.998817328860582
-68.84805298019305,-43.35952400029635,-77.83713205308248,-35.43609838160819
27.26067860729546,22.74791955889043,-71.83918175606797,-91.68793435917357
44.05849012929298,-49.3888050776969,10.039189738127902,-88.42827118150467
93.32848281789359,61.28101996092494,23.899297951253857,74.58414516081695
38.92082493380468,70.67806165549058,69.42043364832415,88.30928842859981
-7.854830350526299,-46.56556528279984,-13.830574979794903,39.229888213100935
-85.37512096247232,-56.014493345708956,-10.674095683703968,63.851650794749105
-14.10492566954997,6.719710582743517,89.42294906705308,71.65133059133433
-89.40107152670308,-92.64315173439601,87.85714543113448,-69.89653802371762
55.90378976622242,21.767832843434462,41.324772643966924,31.983860546595167
-61.047463901996935,-28.20564350034431,56.02471584905453,-49.739697714128795
-38.16002280859027,92.82855737596054,-16.47408567083943,-62.97029043551143
10.301150953483898,-67.91569410067683,-75.75233666205833,-62.84104632814129
-26.216087700267337,12.572338561290735,-55.81153503599339,-47.815909445442145
53.72830079913393,-21.880821917095716,41.64276083552659,62.02139215210332
-89.40760385773942,31.656318932072054,-12.793768387518185,70.57440119657576
-60.33059993183255,-62.99864447889087,-79.19995007084307,58.0970199461637
-21.210793546873504,44.84493384397018,24.109083340704956,-69.37054254827135
-12.038700733507596,27.57343380279184,-83.626977643059,81.84397723602927
-52.75426149874707,7.611439303540465,14.883657145434427,52.84979718718637
-90.90088320527593,-52.821929305151315,-79.6990155613887,-14.076761128227645
-12.316421801640558,-89.09548295106245,13.80813054255782,54.194944940765026
-26.144238991366763,-4.745300340142876,59.6658569281783,-35.18325981470065
0.550669051430134,-13.827077503668079,-33.20758121200089,-10.527060513830122
-11.008638259924794,-69.00398889265648,19.018249594089752,11.990534992653124
-2.5186769794423753,53.01006966042263,68.20749407325007,99.10861524415458
-64.71015412808637,-75.94723560910714,7.006672053628904,-86.32766305183367
-65.40160528784759,-7.130765097220376,-45.30588794919282,-75.07913275110997
-65.95497677160074,96.26405292047014,-19.201312747517306,-26.585561817056714
-85.48848088775463,-83.69794360567221,28.422344352627704,-84.04231818114533
16.340958990330705,-25.553414203929492,-68.40389961471618,52.265408073095784
-43.16080129548368,76.61531273173495,6.915302130150053,30.86950320150578
-21.85412867168594,52.191136919580515,42.215129029978925,97.03438933288561
-2.0922557930592802,-37.27905394331526,-62.0570350245751,57.879314493021354
70.54838880796052,-73.83333560618297,45.21888427556729,-70.32863840410849
41.92026200317537,28.888966448262693,-26.597151472267,80.89166461335736
66.4547103970342,-85.4433558766163,63.929532351771854,-2.2973572841739838
52.06449598665836,98.68764637596217,4.9052263455049,-40.97927899081151
87.15288099318349,67.27444566072,-88.16163023630409,55.48261943896364
-59.36191764940588,70.42377642961918,17.527833594027527,-16.323648015132562
12.797276991223214,-54.85297727880999,95.78239839221789,27.196168927495364
-86.2882338708311,57.16093420871118,58.14511486441643,7.784711059249787
87.9974925381336,46.39247016831416,-82.80651656377253,-15.871460594629355
-11.197248062845858,-90.59509608745887,76.19889403900146,16.97371297379999
-50.86788133951609,8.336409529373213,-82.96974799590876,-97.72616701970205
39.25669409804044,12.665638483754776,55.77974500900547,29.84457415498389
-62.278664198798594,-47.996927084174956,83.0638158703224,-54.52610172883064
91.1803410903475,-42.20273415700365,83.00262858430989,95.85123863733787
80.65736881773842,78.08067145895598,25.58094308894823,-83.9096748802666
47.7017483569187,-81.0239437814451,-56.06921447661571,90.20288388082093
-67.06244072791333,6.108298427893089,36.973081033093194,-10.63692813572635
86.58935543320877,0.8949101546229485,-68.33455015013823,-60.11080525796979
-53.7613473406918,25.183481115904044,5.46534483114965,-80.39678338894723
-58.467628133646514,-73.08135941768782,31.2837591400841,82.60871426146122
-33.44824307509981,98.18369400875235,42.64300929388719,-3.546144639145382
-79.23038477553624,74.50729835392724,38.32344581010284,-48.80945220398743
-96.83045647580545,67.57236137951901,78.1413489329828,31.35787065094206
94.37638627348736,-17.032775160024585,-80.66686312339709,60.04508890724054
67.32734216255454,2.446594069344883,56.14762656728038,-63.611633567135584
-51.15139488079939,37.648205753024286,15.797143512100206,-71.14546147568547
38.70258529040825,-3.68771485911293,-14.357353499907504,96.02073710145811
53.0385487806106,-13.197684845577953,-44.45993115699238,-7.876260475458935
90.69876419765285,31.755401679637203,16.912040742543923,-8.368729984965512
-88.99681799070808,-23.227288747173418,35.0398147493043,46.14795364126178
-6.716797429258463,-40.84900957733271,-31.13113869691773,-11.900344041365031
5.533012235362548,29.278243235930802,54.113215221083124,-50.40586529012816
20.065410451221,1.2101152506330095,38.34736002727897,-81.70509184763844
-93.97356495774457,72.69754918146413,-20.241002417272682,63.98865742901364
-89.45439018033929,-63.413799408158894,4.203572285381597,-88.31112238873047
50.706129665700985,66.75979355220898,-77.70368606296375,-27.63444076287402
-50.39459539994482,51.552725600230815,-29.512327250078727,-6.084971530588689
98.85350468479726,90.92069520674016,76.78217363481707,90.67063543659947
-50.60600947979373,41.4970608649279,45.34650742999804,34.81570457467336
75.65818443411536,0.8573016114609686,-26.617485109742574,-4.762399346504992
58.89690732883412,50.81186256256751,-95.46937682359226,64.50952659685385
-26.978372067845953,-44.253708672500125,44.05121514919324,-93.0725953463542
14.571910138306862,17.730234805481416,80.71871306792559,87.8673294611873
61.60806408107612,-51.79852067693801,-46.5586255616372,32.78938876905164
-5.116636428140282,-77.08152123779351,-96.66891155940789,3.4912545688644627
-77.81250718578261,-47.117041113464666,-89.7006506992978,-91.29132142092891
-19.911222818697922,-23.654283760654096,-49.28258091244024,54.191714028622926
-73.4172533481865,-7.4865390538370775,43.25610581801732,-63.4754426257299
77.17573566290645,32.37891079035205,-33.20647274808988,-49.98820504175265
80.0206976764818,77.84505626023844,-64.0129536165075,15.051718626498882
-62.152892983668465,-40.12625209172944,-13.11794843329426,-97.77217790393073
58.96198233832888,-41.311285890584145,9.13183436830127,-27.1725555236726
-59.90474705638729,22.964392425279357,-96.15018550549235,27.03496427386102
2.788541805937257,25.757917693394745,-79.70181054015532,4.089719256221144
-29.81308941163195,-74.81738921317981,76.34734358556528,-91.99633745046688
83.05898638041725,51.156548561546856,19.954737248283323,16.50410917625487
-6.297184110517037,97.05848421273521,-97.65348497897693,-82.7851103468335
-69.50137835262987,94.72164525262878,5.935512271524317,-46.424400673772766
-96.32404188084811,81.0641499121441,8.6167030937292,38.32896155477141
35.866116577090224,34.86655188127486,77.50087076906317,67.0912715405924
48.41016481750006,-54.125597985981244,-87.14517754894428,46.76771049057544
-83.89776639646476,76.97446143152422,-8.617276032600103,68.3997732661681
-78.52173779816161,-23.19070752886853,-57.15733714725624,-8.426509409934454
-86.27535625420285,25.619531080045363,50.04539954618804,0.05506988404641788
62.68813673972011,28.839918583782833,-84.51551734407388,-3.212599049766311
90.69495284313336,-20.231636481268538,38.17947585023143,-99.72070193536436
3.0518926766393406,-10.527037540576657,-3.3231918238352023,89.20695222325173
-39.36961541029757,22.34410149452492,-76.63107082274058,-20.326364711362658
-26.931900755866536,-3.8018638998019014,-29.721604232737548,-44.22808816985935
-5.945671725462375,88.13685404990832,33.78793833758391,43.483497535092965
57.10721271534686,10.095430526388213,-6.645356037962529,12.402496302295162
22.0778417813018,86.499222674993,26.72902162119442,94.45470803553434
-52.802171625489336,81.66733413043545,25.48937098563465,-8.164821409476929
64.68711339283158,20.850493544113192,-28.879127738776504,9.703593682612393
65.33169087178823,-78.97558414467647,-22.89585539667604,71.86264763760892
50.010105364499395,-35.54949173677022,54.88830641049054,84.87060550770661
-73.3869223959598,33.84986986826357,81.23197702165947,-16.80437132614003
56.17504858588677,46.266054113793246,73.0606401304496,73.83491323583428
21.086146597220818,7.879691850203869,60.01227308308722,-74.58682804967833
98.11590498523509,-11.982673846805426,99.65731502541195,88.5770250557884
23.094487715080447,63.819905165415435,-62.45919711437216,74.78527219689494
-1.9970602063305023,-20.0612410939749,6.570177426966211,73.55869997509541
77.5381993644375,71.65202021238349,34.197007306709224,45.709895197611615
25.478385437670795,98.95896576439083,5.675126226736381,77.38715116702275
85.53365749579717,10.692532424735532,-82.48621519863292,40.514397460565704
60.05922903456275,70.51122729139377,-66.25779027098551,73.95340305751921
26.239496089757722,-73.53158657639841,0.38379843550518444,44.60953924800009
19.590993867748978,-67.53489522138884,64.27047375735555,-22.67930618391449
-97.99960066557483,33.298379363081835,-1.8060658926867745,26.1518728000828
86.89136928079375,-3.1059096658253793,-2.5463247471763566,-53.151746536632714
74.76090465809978,54.33942166239001,-34.87607884670592,76.92260617246734
-18.805836725227266,-88.68876317073156,23.721701521027114,1.3444829143961101
52.87881178393985,34.810449120430235,58.92631931714351,-27.571763965584864
49.55348740350024,24.616976808693494,-66.32863783079031,10.401207687910698
69.4015518348761,58.08377971451364,-33.72435982844303,46.52590387392263
-82.85146125781773,32.76944983993377,-11.960984725693322,-49.187462315170535
-93.1274918744077,77.41968671739613,-80.74699937819994,-51.61123947190296
-77.53108826234643,-9.657988346684192,51.142748643851064,-28.640550739612024
-39.79493226204676,-10.30751407716616,7.451820103356681,-99.04394031863234
-18.52241379345935,-54.08453829018768,24.90051984864698,-28.22789172844415
-21.97534476806527,-96.63796156941063,-46.26879175633741,-51.56455479403533
30.230204573701087,75.44182798321788,-36.47498302199068,-27.85534472295825
-88.27169834453485,-76.16775313241274,85.12271640297695,-11.366591114775872
-41.140517401975615,67.08057010640204,14.737408874304037,77.98617868690701
-89.19630736371374,23.44523145359028,-77.42418976745347,4.268554905092458
95.33029599420433,-57.96117088045935,28.278648773069733,96.06024892680398
-79.26729259985592,38.79360264212704,35.51784659481109,88.36621254146809
-96.93775840981877,-37.37587845721396,42.29586630520248,29.17370443862626
48.46571683602946,79.88901625002461,-71.49747961447682,98.45582902146475
68.36302089327626,-64.38920393343969,68.03702049501806,-44.950876666567524
-31.500147375861047,47.347722124094844,-48.25148600769239,-86.43926580781519
7.720739141870695,17.676066822628627,-13.55820154510485,48.91425232920642
-61.674019189461404,-28.603419183374058,83.59713233962202,14.44362828680022
84.06731833084262,94.81539426759485,-45.177724836767396,33.20388043725427
1.5528710829505599,-52.74645641194647,22.69410579014999,-52.668987854890446
-45.18428431171796,-55.03640584687801,-73.20059158930965,2.1544278455172616
-90.38891790919283,-9.490372200610466,89.11131853384768,51.47809556558974
-63.120760327648895,14.875930481919454,-43.51288779641345,-9.676141402051996
-5.696960143598517,13.697327163354942,-10.111106914291554,-19.28255432562429
-33.8459129554883,85.58431782460889,43.15625089660648,15.63446950878523
4.751900448295544,92.97477993853909,-0.6314047275825487,79.89301266799191
55.51529181779682,-50.51672164336671,-77.58563380241418,-14.715549524820403
-5.90236877295564,-62.050918160705635,-57.782846933380995,-26.213582060187832
48.003049362716865,-82.71939211492341,-13.309348304940954,63.189665514884894
-86.2744521490288,83.30796680245794,15.661515710482206,22.352936267295377
12.596874064602446,-59.506455763178536,84.57192784756012,-38.31696228415973
-23.762004254371902,-90.22720465136072,35.5108157322029,56.87674478854473
-86.39670097541071,-86.87119063185486,-87.27874500732841,-15.338080940997827
-72.89200931285058,-89.25664521120115,15.361658502306398,43.63333108999984
54.99040643191472,-91.56671090102097,-94.5494310843566,64.32777469113637
-49.45359642801796,-57.98927631636076,54.91779144542096,89.24492808820042
13.233138203038038,44.804906954669434,-52.32103187314502,76.48459856661981
36.32585350580098,-64.6967100494746,96.97060484831911,37.25158749057482
-92.00583254930231,-23.66227047024188,-10.406097520303149,38.83101114003773
-8.46633324737769,-43.1395046672273,-14.257552668537414,44.82980860802138
-76.01150073391176,-97.44823761657432,0.9280590819045074,25.113498367750765
86.66433036961661,85.72870961065871,56.35200146345926,-14.207767131312721
59.88009300346732,76.04165633920655,95.92695172393218,-65.1259366560478
-23.72234128783566,-46.11788619658799,28.297257753150973,41.459582791764376
6.203912425687804,43.921408212684184,86.12431861350598,-40.081623594363236
-28.250090124796657,-69.88455286384419,-82.26450348117922,-15.07602577183718
66.94945767382524,5.987240495319952,40.44705186823444,22.746889559208398
-39.63997230189682,18.197983642396025,-3.664337825447717,-60.2262680550532
-1.7074445242237175,39.8316136018513,-25.445644100170227,82.86920575739003
-25.603355537747518,77.72667709388122,-23.762976757891124,83.38233460786228
69.33611657669678,12.761329820724882,-86.73617889045872,-3.4463095321034416
-77.4895788359486,17.511867247859982,-30.16560060276305,-45.399206228838636
-69.24241321428232,62.718971516824354,-66.89558944878215,31.33599929135096
53.32140160745166,-64.85425199733302,-7.873625191686642,40.89325467947441
61.46387587879707,43.58981688268523,92.57481945803636,-13.871075963290593
93.66422406736712,-62.345498339039466,91.94443163575858,-10.742065701958722
48.03442604681169,-88.00804302747562,-18.573234945338356,-72.57180236458316
-94.70061946242492,21.849217915878796,-69.24008515605999,-78.9328903674346
-13.593466984978704,93.7913474888885,-7.869070518513354,-41.881319701788186
-12.691228837816595,21.710547208302728,95.43534468750374,10.847556636190177
46.17453153666003,14.08283491433059,-79.11721413458702,31.18800588568962
-88.22041941608401,37.36850679458934,-87.24398144556616,-74.8090047642437
-77.7349513202812,92.61827159601381,89.89453112847696,-97.80283591680421
-53.404589782701976,34.73702752901755,-6.7993481625487675,-61.41353803665504
-92.71386256500821,-70.19225848962506,-27.368873758330608,66.0073604522276
97.120194755824,92.31925555699439,-61.31444269328904,44.332341795540174
-1.2722844570440657,-70.99360510257955,-69.11790616668344,35.01526925815244
-24.004058281352172,-47.27267944391903,-25.79220101528591,-18.098144901625574
88.26327750015753,-86.58996343389754,78.04592640248313,-15.447138070841902
-15.412250217257053,43.60311134843539,13.20620531575156,-94.01660967625904
-4.956233588049713,50.171287562613486,-60.33570445177037,15.738130633459662
13.70441401097844,92.13444251484009,61.7897244979041,55.58728478578388
18.310368406329758,89.22488582050289,-74.39990342035756,54.942094966254444
-17.196407053119287,-76.83203595042255,-26.380315811287062,-12.37592791594227
9.534706704577616,56.61263620890065,-63.95907389640411,-86.00768582435836
-60.94542864771779,-76.635165177808,-48.83991921652128,94.89292682347752
37.385571590169434,10.687984353630554,-56.49815136344043,10.633990652559874
41.76057493685221,-42.412917788745006,-58.51729044552951,2.768961596477766
-64.8627923299189,63.46592728449474,81.61418153288668,96.5998236979894
-37.627244801559016,-25.4910886040862,95.72986715612132,13.718809112955057
71.22837068847087,-12.172822577733086,-32.30495092970227,5.671761492097119
78.00619059127871,33.69212577793604,-45.890668053536785,-90.29240689333545
23.144751216672546,-47.043669720709545,32.11382662509112,-86.7058602231225
-91.6352309666517,-74.84231416425305,75.93130094124626,72.09542642324897
-57.86027540474751,-96.97493862312649,-56.83221159608257,-29.645604112850663
53.37651541946968,60.47084805861277,-70.5867511731065,16.337225635748155
-8.997345636690966,-52.681394891163535,54.43457678522941,-27.6475126415437
45.73315528455106,70.8411133082567,-28.643093454310417,-26.443132323441205
5.536501762394494,31.138026062794324,-69.28927235697572,-41.54849222764676
71.64814943037209,75.52864515983049,-81.26616338032088,92.40838941491387
-11.30635067022655,-90.27514345313548,-47.3723211418577,-2.370334361433322
-36.60687786282051,72.90177919832985,40.17922613370047,-72.14796033182589
24.059964766926953,-64.0925748210683,96.87570302966384,88.85273766642825
-6.596207182930129,-1.3969996466620387,-21.904490784230177,76.05191994306512
60.057216719327016,91.70755935220399,76.0510130705079,24.64065636041164
-52.492811222492946,62.56848434502939,-77.26550512098117,37.83009986798726
22.068530655029292,48.95259027028294,-33.9604200480282,14.400505349520927
72.31829802698513,47.475755201344214,-98.3585463568511,29.258979965169033
-75.86224174432522,35.09635602857588,29.279674765867412,-46.84911467591459
60.89242673576865,-60.64781492626315,42.6092106627313,70.59772091417727
-99.00039562779281,-30.225159702310123,11.901807518670921,94.74294685734117
-9.795320072599623,8.118688914563847,1.4267636325549233,99.03843676366535
-40.88949471580361,-5.042374802045799,-61.91326321608122,59.16875428059592
-33.54552813237029,99.70726656923665,-22.086554790505716,72.45915122130657
-56.1129558599803,43.39789316640508,-50.260428440461936,45.92209960532216
12.501967394207895,67.32127502287233,-88.77519647076178,-93.06373020745414
-81.68201287109378,92.70216200026562,18.462761906860123,-50.98606547487975
14.46085399518961,-90.57246881592857,79.95789511898397,-47.06273350701639
-30.38059904501597,77.31142318197573,-0.3732577497891043,-30.173592575151815
-52.79306454956111,-30.938062618202025,-68.8235294015208,-22.09951452749891
-76.8453336341667,12.00130341381498,0.8046147661042937,-2.636754995774311
52.61445248881989,94.78185297528881,38.60097806279373,69.88405666768045
25.352479409360456,12.242339937198949,-31.684541285383375,-65.64520562404138
13.075201538395163,41.78308188082997,-2.0598760204845235,85.54597583163394
56.98673427561408,74.90034932165264,-80.8884777680702,-10.569042845002173
-24.35324667902438,-19.009340159316878,66.41008092610343,-98.22735583955921
16.457781090308345,-89.69931130618022,33.051923484246174,-66.88044410831512
0.9844270906426686,71.7278228319305,89.12210423421539,71.10862000422628
-77.4860501927487,25.376128440613172,-8.182526011297114,-56.80542540251315
-57.780890282690535,18.051283212773797,-1.6732128140719738,-29.76943110853847
67.94320459828157,23.403988439584566,-69.17464349389624,90.55734493170405
93.94675934347288,-47.80690990776776,-19.180015769892634,-34.220753291547965
-74.40165098666463,-86.60695499027565,29.908391812507716,-29.401792774506248
-44.12811514343019,-57.06969298751733,58.94966251725555,56.5701839380348
91.97771054778656,0.7540456933429596,-97.20896780688074,-86.88774121477513
-87.02845031877641,56.108069657005444,61.5206005305879,29.39665590639123
79.25010267929673,12.344712930132118,42.369334130104505,-53.50124182874768
44.35452224895522,-78.39810113081342,13.055087317748018,72.75482647402328
-32.826785749769385,-95.89465361370463,-60.75310522701747,65.36092447363171
27.63228339772445,-39.24371669942303,-77.35996529761152,33.142801352562344
-51.26669737902162,12.099550553574204,59.99417161762892,-29.36772557478389
34.11170234246151,-47.678334001124256,-52.54208736823159,28.82723493568352
24.99497394243309,-90.74750460569399,45.52566900485118,42.61050907142885
-64.63528802680352,57.14073713781346,34.40295830840074,-62.54264022330682
88.8737175238108,-50.10806589498395,73.41384895940541,81.32244397557332
-73.9227255868783,-6.791610332041273,-43.209175954315015,-53.18374609191778
-77.66928760158623,-0.007181805009622622,59.80467098834936,61.002742253128304
50.81292798637497,41.95968388595213,-36.17109380652903,47.419827674680334
39.07335365490957,58.96572431700349,-64.26341945061168,-17.275123267269237
58.93056718607079,-27.497449433193424,-0.06334881029579265,-4.548792964133895
45.02241669317851,-59.7053498960089,2.5959576573211507,-71.01828643759336
98.9774515426057,-55.029206704780364,82.29394264458915,-98.27896564693853
95.10792108793379,-87.10680503301123,83.52854098884211,69.99912778493325
87.05069817372242,-35.566466368853185,78.53123145963565,26.819979687690648
76.69745903544651,-88.6745511043641,13.923720639001829,91.51125253450755
30.48390414167801,-22.16237422020572,49.37119110942547,-77.16436882705091
-8.575276623435798,72.48584339509887,-19.850886756625187,-9.08603779529875
-97.54032694419519,-35.564894311934836,63.20029391842246,81.64490038863914
51.62048010297451,-23.723327077471936,33.01692869211428,8.883775981118333
-10.448807478690412,-11.394754623050915,-86.89224590646921,-77.56188202477762
92.32181441798178,12.7874167548311,20.641909272049702,-70.97603139396088
79.128264393768,-15.56933374512272,55.29754328619185,-7.44846357407846
81.89120264852579,2.922719654777211,-69.54814712108202,91.41064219820339
-60.82413351099706,80.01986379263968,-97.49139027105662,-63.29565304830646
-48.237864565956414,97.53529977867788,81.20523896787677,-4.1006988012167085
78.69064700903573,65.95147945066174,67.75273761927656,-82.7448033465144
41.148104450238634,63.86107230013198,-4.66105862979947,-27.481208179147416
94.33925090932263,-43.0432621406095,9.146024582723612,-52.62755785340835
-54.11690904198815,-69.03435127910024,8.945325849086146,90.43450481242792
-71.29620782230904,-90.46357271434178,4.1577119141804815,-74.30644402835216
-30.224005372696524,-98.76288098451016,51.70936130187516,-61.65436367549316
-61.36319047735063,-66.00938707228269,-32.168156124780694,0.548753979910316
-72.7777199616551,95.88556252548335,-71.20947074817195,-79.86583820550436
13.783752199324283,-93.5566378093132,-33.0801474185937,-30.236244936746118
7.5292989241756345,-48.04886159644744,74.2871220884025,-61.033121035171064
-67.80494680557956,-1.1230034004206573,30.262772055992514,57.36411633842931
93.90213381758258,91.32563376086574,4.029023972931668,26.9906251018524
38.789276746271355,44.48480855113064,-40.16675738816264,37.32856577820644
-45.166474400417115,-41.74943087749239,-67.31558525743705,41.40067316547237
-84.01462445692079,-19.64576532932398,60.53582799157522,48.25915480231424
52.97894783134427,-35.65132365979247,5.942578460424215,-73.70201071436077
-35.643148476116664,48.6641822051609,-72.16061933573226,2.6828652606627656
80.00958021392137,58.810892014540116,2.978634726744815,-25.745698659472964
-18.59307582668157,51.73233687896794,54.30079226919361,66.04431899081476
24.587026702647904,-81.86275241068694,85.7482205491994,-29.091575164274616
-32.16575118698205,-38.0340134231019,-0.41911652421657664,14.434583919814429
19.12440564674739,45.10423196011766,-28.153043772143292,54.39180097714609
12.315310776998217,-53.53133444685088,-84.72716681506492,-15.832695874029241
-41.91181383090566,-89.11918765157583,-85.17315246099639,5.144583893873232
-13.853539646284275,-70.66410201329876,-92.14718733854482,28.439963613563975
36.16655153921511,6.674010450701587,7.516474843839717,74.12671700648895
-70.79255061625611,21.57538537078227,-41.058169365350125,28.063448135114015
-63.686382883299956,-39.308833340212914,29.679185468196522,-78.62272556395209
72.71186783051928,-95.60096510547424,-58.516998224953284,-52.3559617907309
35.19605159394433,-82.49429191997191,63.584112405362816,20.937153598303667
39.265247102849685,-29.487147774633797,-1.5382076870587866,-96.3265004248774
-20.186584165914212,11.421032271188324,11.750304671225194,81.24564014086724
-86.61306193597872,15.551258956120876,57.785085596772205,86.64641727034137
-80.52277291879219,-22.25285896365608,-21.530022418815975,56.257839739647295
30.421267352673738,35.05467020347908,-16.396109328672594,62.65015332579367
61.77483575052679,53.049360270437546,27.7504014582114,-95.50190642847994
9.070799270038378,80.09627935836005,-75.24048101424984,-61.70964308311406
-94.36861551617449,-74.36641304806577,-56.66848806418713,-75.15275676523996
3.705995758237691,51.612290998467074,50.40622674622273,61.6230614629896
82.09533840869227,-79.2439803963679,-25.70691123353896,27.301238013594798
74.44507736272652,26.426070828882757,-93.62778413033092,-83.50012133128683
28.864662488974943,-83.20796770914049,-87.34625269194174,53.34238051341532
95.79535271619221,-9.20571013241323,-10.402639484576753,-4.89791524134688
87.93081056142415,64.35224453361718,-83.65931052589616,-56.37916189229085
39.8054770428094,64.32671745676248,33.307903902305895,51.999414778795085
-62.62031907527671,-9.097119117579837,-27.635614772162967,33.375595090129536
-78.57760484084145,-42.94386506958949,-63.47787781892197,-3.6491792905557077
10.041075264867459,4.048817382919026,32.18880986391957,-88.73346848536053
88.44266689693512,70.6005328551355,-13.042782562282753,30.102821099458993
-66.54892379145952,-88.623728496614,81.13618864386052,79.44293598910957
4.017560275206108,96.9481968221213,44.359097225404184,27.436106237837976
-89.89404223683141,-60.21758996693464,-10.445136997412988,62.63030085311391
-41.66291005320318,56.06112312854674,24.503202415421242,55.94564435249072
-74.76516864241361,-5.950874950978289,-59.70925171643793,-36.79339446897211
-34.56309385079095,-31.116530013730937,-58.53565839734833,21.77591749461908
13.605300033815354,32.057722207791926,23.45243177289933,-47.32051302844846
-59.2203524523172,76.29077486545248,79.75743223468106,12.297694532370485
27.26642126823475,-43.38745644737975,44.47052329287311,3.5746849338192987
-10.886266465917629,-58.23176181761846,68.37783731940357,-23.071563265556733
63.756901284431024,-57.02366790337106,-15.765099399584244,-28.325170694346525
22.31830484363178,20.563311317353055,-78.19508723758074,-76.61567829798446
-36.164829383024255,-60.85202859666535,-9.343169743981889,-64.05107066182788
-93.7605393419986,41.94666825046113,28.251193850024265,17.088294242915538
-0.23833770151003364,-26.34710276820988,73.96328686710689,-5.1063473996281346
3.852627938162641,26.574967956998478,49.64601112085796,-57.07814808796013
-14.98908347367211,-34.49415463523633,-97.24711659775411,-19.889646526747242
-50.95560536462588,17.0719770407743,62.589580942465716,-78.87015780800454
-94.23122658061658,49.68315837898376,58.25880146535019,-47.28017032648904
-88.08052178132098,22.717413340347377,70.61573986161181,80.95641297585672
67.55968308409842,91.79594640422408,3.181148056566542,93.02132092791908
-50.738274416125506,-16.77865069938008,-91.0095575469291,-71.04728627180066
-0.030077117636267303,-36.681176548116866,59.634227042502914,-46.21912914551194
37.34262113823905,-89.30322453031371,61.66803418605366,25.296227209182007
30.11064497748248,9.421459759368702,-45.69254699137329,42.1579230800736
41.307702088387146,28.623129847607515,76.65666160196992,-23.474702454968792
-94.55423177722238,79.12082580839137,-12.915924186773168,-78.38777072761997
64.77403852748125,-61.99972433334918,-44.88845624001755,-25.27054875599913
-10.301146508893908,30.70738754901339,41.67923375136718,-83.70261280818312
-27.147832218028498,77.71040669488661,-55.63714570354031,-29.726319362583297
-72.75475842881693,2.3410616966158955,-30.478531454709923,20.850638117292362
59.76113442870292,74.94948068519955,-10.246818286802863,42.69138240211447
-10.933664407382366,76.89840319198123,-30.054489950428547,24.2229454315721
-88.4608203333905,50.22182913998125,-16.535905601860463,39.0907599347247
-81.84946264668079,-18.688090765666743,-33.03213061290336,76.84730623783207
43.59168493594956,86.05456909777064,-25.9347486820231,-32.38930824258762
14.285893304334763,63.75996532990672,-71.9735348855275,-68.33505632630263
-25.576655252966702,-37.760933590687955,83.00128698206368,33.62165035993894
56.96958256124549,-74.57987191931159,-94.88866942257101,93.45919256842433
62.59501789408489,59.05138781319897,76.5202998109163,66.33950923926659
5.395208408149017,33.20410665281133,-36.59679282935974,-82.9566911148469
96.34047759425965,-5.661718003388216,88.09731987590351,-83.3631970941891
38.847722187962574,-35.974704633788804,52.80321446253777,-36.16443202966735
56.87784691208509,97.52335485396264,-8.192967705605952,51.87479891231021
26.425400906242885,-76.16146618394703,-97.96598817412107,59.53322043306713
-93.2315181601021,-30.96881722584334,-9.501711725946052,86.27614049828327
81.2347970411426,5.622214516458939,92.40769732422154,68.67359808176496
-20.63306718361156,-94.57295390045374,-73.53830068359204,5.572991785445879
16.42383083261933,50.94527196917363,-81.28244194649074,-23.233694957120065
78.26848188138655,58.53855609650981,68.9740593962751,-13.962073377928675
64.15599286332241,9.330209391661754,-92.74556689914326,14.336653964222933
75.77213315987296,51.75830083630825,27.632003105304875,69.68595491295997
-34.828004083625956,-61.04004650631242,-12.955523125763875,-97.97953762015271
-99.17454409113446,-56.76869042565892,-1.346015372415195,-12.658069094601217
-43.53415812144863,-48.818161633550574,-85.01004920258137,19.482721036876455
-57.61879287504942,62.713834111480196,-87.97997657269866,-51.91663571883845
40.3531456812708,29.9280455928033,-1.1267612881419495,-56.418306463102965
-20.857449275732506,-23.707432834980466,-71.3653858529126,24.48974382491474
-67.71211548790035,96.30736222625819,90.79228814025828,62.097408524289676
-38.81702110085416,-70.64664347203004,-24.175433846919987,-4.835056262823457
92.85794078545473,34.91167670854145,-56.43913177316762,-84.42876042066501
-11.506953153205359,-89.71243162072832,-65.58700704812549,-51.80797210898032
-4.664357942849392,-54.10627679970489,-54.80224393070253,-92.23619034032447
69.18937390235635,-81.31430193924382,-85.47669841681312,37.766514744538824
-22.38660448885861,10.342180111132507,-72.63555352416077,-59.08628955334052
86.76726028750551,96.77855737886898,27.15477227983905,28.462935948302913
10.753337706601542,12.41410991288609,-10.746589611978209,2.89155115129887
5.787634558278057,-59.685375362622494,75.58412050995764,2.6878029640784575
-1.5981052173530657,25.41995762017524,74.2959561113031,25.321388454022895
-4.030984663670665,-74.86005275074496,-81.60650981732266,-37.659329058593926
-18.702332413388888,35.43567758277243,-89.67000090028523,-13.737342004982679
-85.15913460485675,59.26964774635178,-52.73338503427203,89.60832790079291
49.03734220641212,95.50219663464748,-2.2977241258739696,-15.995501122301846
15.022029038255084,-26.06991914513833,-30.100327300692584,-6.0818301028712085
-44.66661094188785,-50.78430779633641,91.2863604422426,-67.88119175288867
24.040543873041088,-93.49913804761263,61.92525628114498,65.36088090082836
-1.8703580883367863,7.603392567207322,53.267812946909146,89.93939375438612
92.87426247065349,-42.40050223134688,-57.928927792074035,91.19448761131446
58.962976251936254,-67.26568543455843,97.15157956984984,77.28036970069621
-29.013219752860437,65.38408673483974,82.81825691924024,-83.49637529192563
61.48982441298142,-91.85803199047191,-31.61253267794757,51.966913862159856
-82.1941896900278,-30.968831426192935,38.0168682603051,-51.584957980418096
36.05203280520283,59.09993736895774,23.517756056211113,63.55067775039436
-83.57547576968574,-7.822607442621177,66.97762015378885,-44.79727794228455
96.79842394385759,-4.378893123263197,-97.25394878523952,51.37485030646798
47.17338885650639,51.091346299860675,54.89365250446525,40.53865216538048
-23.96397237544204,-75.16716394212816,-88.02217234305965,14.400433457510076
-71.63188699020773,-74.17661251147564,63.183098630781444,41.45944138251559
80.25408124884848,-84.00995658879705,7.597869520767574,68.67696058146896
-97.76755754387122,87.12782450415602,11.360123888769238,6.952728774068987
-94.7358502128883,61.07354767896055,-94.56402008302928,19.743532933071435
95.22747206783845,-59.241941809942944,98.63178296428316,-93.65105139130807
88.87739505296702,98.91205622989509,31.454573820274447,-66.93762546966204
-67.52484606596084,-51.16764962289119,44.634610481101845,-17.814984689064033
-51.70765933197217,-57.90271687526581,12.107793178706686,-60.912201587742715
92.17975946091008,-20.4369960879593,-62.98699863499962,-25.755745511695125
91.80777367504436,53.601918993213246,-53.10172378848142,-87.4018524606143
50.63646380167273,-16.16697824531559,40.40048973110174,86.96076242065135
-68.2038360811506,41.71757934462897,-5.060177158054046,4.503895143869954
19.383928675825302,23.306318669454413,-18.875933900800533,74.89895154214491
-81.04588826173281,-53.80215476487237,78.33234293742709,95.88330295308623
-56.862929822196975,-98.23183508933536,44.532753920445316,-12.201004950977222
12.563594444658065,59.38477002219287,60.77718462103792,-54.30801784111941
-4.075581842460167,87.14579915359957,71.53870834378267,-2.1284102865265595
-43.969354766687786,23.283335114370573,19.292565832255832,24.64497633516754
73.00352389325207,54.24304232577907,90.68691403609972,-34.40037104420094
-79.700884837756,-61.35138482414669,-95.84514070371131,85.65210575018887
-93.02472950626702,82.63244866174944,66.06151799574332,83.15645300987575
-85.78513504831992,50.88185755227374,38.500465512503126,-16.5964202099359
-30.93392540402914,2.288786693755128,37.7719134948743,-48.052619371174416
42.32627400657873,66.62306841183533,-91.04105449432592,-42.30091978717138
90.75629507224659,-43.33168624805137,41.60081683607626,-78.80948698914347
86.0718925589556,64.54290535806427,-91.30666835690144,-21.793467652417803
-56.097657350028555,81.51210923811317,66.7186919912856,-97.49166283549943
7.735285327924203,-3.501637682667649,-88.49599243671653,-51.85269150978641
-41.136975631514645,12.973153106850987,51.410678935112,-49.71130676068509
30.467964391327257,64.11786039106124,76.45529029541706,9.082751803808264
-91.78404568756079,84.34868943554778,15.137644302319302,24.0467006120453
39.08112502903339,54.186351374340916,-66.8937617175907,-30.719962902765133
13.402501561410759,-81.76198516531713,24.568680403801295,-4.048313037766718
-60.08061554305729,70.81490844821997,-38.24704653394116,62.82122154263277
94.14267313748053,-61.517471878425795,63.62631740090154,27.874552444057315
-78.20786428513767,-38.115873473843635,9.554938783856244,11.027149069734833
-78.8659369840044,-68.52214311470627,63.29373430440012,-7.596927550674934
14.424717093353024,74.36886963927213,68.13562253527897,-81.4125047956758
47.775374523798405,-0.4693449196329311,-56.92347156711784,67.06566033578076
-11.773462638026274,44.918395534899105,-17.698008905292284,-65.15100973478357
-56.53452155212389,41.462669682973626,16.092926477481285,-47.643439856922726
-70.2421716802499,93.63453425492844,56.31377782579017,-28.879733585266138
54.07434097125889,-5.658672791280708,-47.42160683510809,38.48097689259805
26.538416067487674,-60.946257842429844,31.67063517158016,-4.1702569803938445
82.3918448042578,-64.74479007229331,64.99346932013952,5.9928877179391975
-8.997420149087418,67.59296303147886,-85.58747258522263,-63.617677722952294
-65.06813590995239,79.94710724929155,25.93080373195255,27.60284421603177
-38.71446088365104,83.78072146638215,-29.668995981485068,-77.7708051738835
5.930599374841108,58.63090449377586,25.41960207598521,21.49023588252919
8.783796255527363,5.216084083580938,67.19605339252911,-12.717744046705889
18.527498048016355,-87.55065925903006,24.077957926584872,-86.79009614628282
69.71534273668254,-42.867775793758085,-17.958262746962532,-74.83634230274836
-1.593974531449021,21.419171500502557,88.27479651293856,-27.11604808172177
-56.928401841034486,89.56473146155372,20.89468977323247,-8.506989121750507
-22.7676900110298,82.89000929662558,-71.54949518780839,68.99079203554226
-80.56823484071208,-35.005513783043284,98.38822873455837,6.654483296629962
14.977659511769843,-20.293631113508866,18.363777221644625,-14.955689912688626
7.281278200187671,44.84018196318959,-22.13317666903356,92.09278539163904
-47.71145729020324,-18.068724342209634,-95.61821363383473,84.35475097043144
-15.858604621258792,7.449871037996729,-30.102460221600552,-12.871480309437345
-42.09286217104619,27.352552092036888,47.75005788244209,-71.3575524740715
-54.50710143466421,8.521666611459864,-11.450410070678515,64.80703994815127
-34.522632450545814,-36.124094133476774,-36.57900365373956,-90.96716818167602
-78.32599837760051,98.20502849600689,-72.60740998567576,-99.0359521028231
-31.716051746691505,-36.58403331448028,-16.5123969117152,-93.25833087662011
46.356618536041424,-87.88801574925,-3.4168786654002474,-26.81194722086701
32.834707263882706,-39.046353669764414,-45.99102277586567,84.164786075525
43.96835960313558,-45.473695100235034,-74.04785187827,68.69051750105751
-26.674267914788516,40.29366465257971,95.15448029069324,-61.57779295844378
39.97696030337494,94.58838798485135,-5.123696136032436,81.83227711613802
-44.37668713161548,9.315197699078112,78.94082958697317,-72.7903495485395
-14.501585804469414,0.13986736242901543,31.139740421565932,-76.38845271887914
58.28250226557998,4.441774390684543,71.55211943561437,90.90034190285832
-26.655784440502543,97.83183955585247,-89.92117400281856,-33.430329246258
7.276514312888935,35.59838606036226,-85.71033268936148,-92.27369686133596
-84.76585700158813,-93.53858588525856,-39.800295271213315,-49.76565392616652
-17.75114084233627,12.575915945854092,-6.894831005579306,-48.896317106108484
8.513822425986973,64.77361230094812,-80.46206523645799,29.288345253377145
-78.35210551021902,-33.10010938869493,-62.737101059772954,59.62170828118775
-6.6298851657207365,76.08283819366693,50.28377596783156,-32.556041378351324
-35.27882634215172,-86.77035129017247,-50.08682624849524,-96.47447030440631
88.7592073826965,-60.188550460083235,31.712627698063898,-15.275214870448053
14.871417315657027,-29.020204394764335,-9.866682214763784,95.41108374568194
34.85522121127906,65.6685370510856,-48.95300326820319,-98.8203803722821
-69.61766677277467,-30.02415086233964,-22.692134707714047,-39.320127230203525
55.06212306250916,-35.44324824064978,-90.16537536133922,-63.41149814364542
-16.39673814283367,-5.497217599939972,-70.22214756760019,77.62744938501146
2.332384178127654,-46.85109738466599,-16.82751803598717,5.916398955850411
-26.26094917477451,-16.68831877467511,57.17133447109984,-94.97265994395562
94.81733910364835,43.47147886966695,-68.16858576782164,48.50422790833011
-57.21294239362021,-98.79968104017598,94.76494720332613,43.64880780605762
-4.569969255695128,-94.34104208664476,-96.02168846974484,-72.68674032841162
-4.0026433109873665,7.057753920793516,-99.03237328236955,5.547559460796435
44.44701460127703,-39.18806167662916,21.379169569123405,72.35044373237685
32.609204015074454,79.53341711426901,8.973462855949379,-29.673789934574984
22.07856126352158,-4.306154712571299,-80.1889071364617,-72.35930577431319
45.881577318280165,-41.24779494238089,48.43626816748463,82.01889469197613
-4.613257406950481,-78.32385896717926,3.959694747349033,-40.074503106083284
13.885814214834284,11.490548817852357,79.94283768869741,-92.93877053458485
-21.4324362019521,14.237638342323521,-64.5989518808093,67.90009780900539
-83.739202657428,43.29517232908944,94.59193394870528,-36.91260180115813
-25.689211728286068,71.83532737249533,98.7132053216219,26.336884254508448
30.01908483617217,31.36428135235724,-58.63172786196708,38.3450776552159
57.740751552641484,3.932495657551044,-60.933722550175276,44.88783278100374
81.42576760085376,-76.68131524512899,7.158845154419396,57.51895431579055
-24.10674257950268,82.4293972147592,-89.69347229618961,-64.52098500916966
98.92619040577466,42.701187834817176,90.47684029610645,20.276874739172968
74.0580225435994,63.1292647173521,63.98294490967112,70.58319339313601
45.52361153173513,29.426869166563108,-5.712406516672331,-2.6212557486867922
-8.629020940685564,-82.74169171821865,-52.571696916928715,-18.321314454033825
-0.45733272088415333,21.910994412025104,-96.36121660984364,3.0884057684069717
98.15278006808569,43.557027517948484,-76.24319422375464,-5.78139041962811
38.28997408241696,-41.608728995318586,61.544588247673005,19.847660468837375
93.88179502881303,-85.59694839243446,-99.86985941278866,-4.9043508972110885
-75.8241129334923,-78.74190821666252,62.450143344243145,-10.64557511374187
89.40537003686131,5.457553060004614,70.88752967537499,-71.81889595626293
-67.08199911420206,16.094625944703182,43.25630594091365,48.67299365888772
35.4110394022386,7.31566215873687,10.494667096595322,64.55796607856337
-52.12439401338352,-76.41448543250564,-22.210975929246672,-74.33628907568095
-63.33729300518641,1.9436827388797724,-95.83752912114093,-92.72027236896005
-91.04594835441785,97.7541007282914,-65.10465126488154,18.728125378139282
